Name,Value
 Biryani Central,0
 1131 Bar  Kitchen,1
 12Th Main  Grand Mercure,2
 1441 Pizzeria,3
 1522  The Pub,4
 154 Breakfast Club,5
 1722 Urban Bistro,6
1947,7
 1980S Games Cafe,8
 1Q1,9
 2 Statez,10
 20 Char  Sterlings Mac Hotel,11
 20 Feet High,12
 2443  The Oterra,13
 247  The Lalit Ashok Bangalore,14
 24Th Main,15
 29 Degrees North,16
 3 Leafs,17
 3 Spice,18
 30 Square,19
 36Th Cross Coffee Mane,20
 3BS  Buddies Bar  Barbecues,21
 3GS  Gulp  Groove,22
 4 Seasons Restaurant,23
 4700Bc Popcorn,24
 4Th Tea Block,25
 55 Wall Street,26
 56 Bhoga Sweets,27
 7 Days Restaurant,28
 7 Plates,29
 70 Brigade  Iris Hotel,30
 99 Caffe,31
 99 Pancakes,32
 9D Foods,33
 A 1 Pizza And Food,34
 A Hole Lotta Love Cafe,35
 A2B  Adyar Ananda Bhavan,36
 A2B Veg  Adyar Ananda Bhavan,37
 Aagaman Veg,38
 Aaha,39
 Aaha Andhra,40
 Aahar Vihar,41
 Aaharam,42
 Aalishan Restaurant  Caterer,43
 Aami Bangali,44
 Aapni Rasoi,45
 Aaranya Restaurant,46
 Aashish Foods,47
 Aasife  Brothers Biriyani Centre,48
 Aathurar,49
 AbS  Absolute Barbecues,50
 Abbabi Chicken,51
 Abc Grand,52
 Abhiruchi,53
 Abhiruchi Andhra Mess,54
 Abhiruchi Hotel,55
 Abhiruchi Restaurant,56
 Absolute Chinese,57
 Absolute Shawarma,58
 Absolute Waffles,59
 AchayyanS,60
 Ackley Kitchen,61
 Addhuri Udupi Bhojana,62
 Adithya,63
 Adukkala Restaurant,64
 Agent JackS Bar,65
 Agraharam Meal,66
 Aioli,67
 Airlines Hotel,68
 Ajwa Thalassery Biryani,69
 Akkad Bakkad,70
 Akshara,71
 Akshaya Deluxe,72
 Akss  India Reimagined,73
 Al Amanah Cafe,74
 Al Daaz,75
 Al Karim,76
 Al Khansah,77
 Al Sadique,78
 AlBadia Restaurant,79
 AlBek,80
 Alampur Bar And Restaurant,81
 Alankrutha,82
 Alba  Jw Marriott Bengaluru,83
 Albert Bakery,84
 Alchemy  The Chancery Pavilion,85
 Alchemy Coffee Roasters,86
 Alfresco By Bene Sheraton Grand Bangalore Hotel At,87
 Alibaba Cafe And Restaurant,88
 Alibi  Maya International Hotel,89
 Aligarh House,90
 All Shook Up,91
 Allahabadi Tadaka,92
 Alloro  The Oterra,93
 Alpha  House Of Biryani  Tandoor,94
 Alt,95
 AltafS Chillies Restaurant,96
 Alter Ego DDeli,97
 Alto Vino  Bengaluru Marriott Hotel Whitefield,98
 Amande Patisserie,99
 Amanthrana Gardenia,100
 Amaravati Authentic Andhra Restaurant,101
 Ambara Gardenia,102
 Amber Rush By The Pool,103
 Amber Rush Restobar,104
 Ambur Biryani Point,105
 Ambur Star Briyani,106
 American Bites,107
 Amigos Kitchen,108
 AmmaS Pastries,109
 AmmiS Biryani,110
 Amoeba Sports Bar,111
 Amontron,112
 Amour Fine Patisserie,113
 Amrith Ice Cream,114
 Amritsari Kulcha Bite,115
 Amritsari Kulcha Land,116
 Amrut,117
 Amruth Parkland,118
 Amrutha Grand Restaurant,119
 Amrutha Sweets,120
 An Egg Story,121
 Anand Sweets And Savouries,122
 Anda Ka Funda,123
 Andal Mess,124
 Ande Ka Funda,125
 Andhra Bhojanam,126
 Andhra Biryanis,127
 Andhra Grills,128
 Andhra Kafe,129
 Andhra Kitchen,130
 Andhra Ruchulu,131
 Andhra Vantakam,132
 Angaar Biriyani,133
 Angaar Indian Grill  Restaurant,134
 AniramS,135
 Anjappaar,136
 Anjappar,137
 AnjuS Cafe,138
 Anna Kuteera,139
 Annabell,140
 Annapoorani,141
 Annapoorni Grand,142
 Annapurna Bengali Restaurant,143
 Antarastriya,144
 Antigravity,145
 Anu Momos Chinese Kitchen,146
 AnupamS Coast Ii Coast,147
 AnupamS Coastal Express,148
 Apna Punjab,149
 Apoorva Multi Cuisine Restaurant,150
 Apsara Ice Cream,151
 Aqni,152
 Aqua  The Park Bangalore,153
 Aramane Donne Biriyani,154
 Aramane Donne Briyani,155
 Aramane Restaurant,156
 Arbor Brewing Company,157
 Arena  Artisanal Brewkitchen,158
 Arirang Korean Restaurant,159
 Arogya Thaana,160
 Aroma Fine Dine,161
 Aroma Of Asia,162
 Aroma Spice,163
 AromaS Hyderabad House,164
 Aromas Of South,165
 Art Of Delight,166
 Artinci Artisanal Ice Cream,167
 Artville Cafe,168
 Arya Hungry,169
 AryanS Kitchen,170
 As On Fire,171
 Asaivam Restaurant,172
 Asean  On The Edge,173
 Asha Food Camp,174
 Asha Sweets Center,175
 Asha Sweets Centre,176
 Asha Tiffins,177
 Ashirvaad Grand,178
 Asia Alive  Doubletree Suites By Hilton,179
 Asia Kitchen By Mainland China,180
 Athithi,181
 Athithi Grand Restaurant,182
 Atithi,183
 Atithi Satkar,184
 Atomic Lab,185
 Atta Galata,186
 AttyS Bakery,187
 Aubree,188
 Auntie FungS,189
 Aura  Radha Regent,190
 Avanti Indian Barbeque  Grill,191
 Avista Cafe Pizzeria,192
 Axomi  Taste Of Assam,193
 Ayda Persian Kitchen,194
 Ayodhya Upachar,195
 Azura Restaurant,196
 B Bhagat Tarachand,197
 B Cafe  ShangriLa Hotel,198
 B1,199
 BHive,200
 BMW  Bhookh Mitaane Wala,201
 Baahubelly,202
 Baar Union,203
 Baba Chatkora,204
 Baba Da Dhaba,205
 Baba Ka Dhaba,206
 BabayagaS,207
 Bademiyan Kebabs,208
 Bageecha,209
 Bahar Cafe,210
 Baisakhi,211
 Baithak,212
 Bake Addiction,213
 BakerS Home,214
 Bakers Town,215
 Bakingo,216
 Balle Balle Dhaba,217
 BalleLicious Kitchen,218
 Baluchi  The Lalit Ashok Bangalore,219
 Bamboo Heights,220
 BameyS Restro Cafe,221
 Banana Beach Bar,222
 Banbay,223
 Banchharam,224
 Bang  The RitzCarlton,225
 Bangaliana,226
 Bangalir Rannaghar,227
 Bangalore Agarwal Bhavan,228
 Bangalore Box,229
 Bangalore Brew Works,230
 Bangalore Cafe,231
 Bangalore Mandarin,232
 Bangalore Masala House,233
 Bangalore Pub Exchange,234
 Banjara Melting Pot,235
 Bansuri Sweets,236
 Bao  Grills,237
 Bar Bar,238
 Bar Uno  Jw Marriott Bengaluru,239
 Barbecoa,240
 Barbecue By Punjab Grill,241
 Barbecued  By The Orchard,242
 Barbeque Delight,243
 Barbeque Nation,244
 Barbeque Station,245
 Barcode,246
 Barebones  The Balcony Bar,247
 Barista,248
 Barkaas,249
 Barley  Grapes Cafe,250
 Barleyz,251
 Basavanagudi Mylari,252
 Based On A True Story Bistro,253
 Baskin Robbins,254
 Basmati Bar  Restaurant,255
 Basmati Delights,256
 Basmati Restaurant,257
 Bathinda Dine,258
 Bathinda Junction,259
 Bathinda Tandoor,260
 Bawarchi Inn,261
 Bazaar  Zone By The Park,262
 Bbq52,263
 BbqD  Global Grill  Brewery,264
 Beach Hut,265
 Bean Flickers,266
 Bearfoot Cafe,267
 Bearful,268
 Beer Adda,269
 Beetle Juice Bar  Springs Hotel  Spa,270
 Behrouz Biryani,271
 Beijing Bites,272
 Bekal,273
 Belgian Waffle Factory,274
 Belgyum,275
 Bella,276
 Belly Deli,277
 Belly Squad Food Truck,278
 Bene  Sheraton Grand Bangalore Hotel At Brigade,279
 Bengaluru Baking Company  Jw Marriott Bengaluru,280
 Bengaluru Coffee House,281
 Bengaluru House,282
 Benjarong,283
 Berakah,284
 BerryD Alive,285
 Berrylicious,286
 Berrylicious Cafe,287
 Best Of Bengal,288
 Beyond Elements,289
 Bfc Family Restaurant,290
 Bflat Bar,291
 BgS Poolside Bar  Grill,292
 Bhagatram Sweets,293
 Bhagini,294
 Bhagini Iris,295
 Bhagini Kitchen And Bar,296
 Bhairaveshwara Military Hotel,297
 Bhaiyaji Food Court,298
 Bharathi Refreshments,299
 Bharjari Oota,300
 Bharpur Aahar,301
 Bhartiya Jalpan,302
 Bhavani Chats N Juice,303
 Bhavani Restaurant,304
 Bhavani Sri,305
 Bhavani Vada Pav,306
 BheemaS,307
 Bhikaram Chandmal Bhujiawala,308
 Bhojanam Restaurant,309
 Bhojohori Manna,310
 Bhookha Sher,311
 Bhukkads,312
 Bhukkhad Baba,313
 Bib  Breakfast In The Box,314
 BibBreakfast In The Box,315
 Biere Societee,316
 Bierekraft,317
 Biergarten,318
 Big Bite,319
 Big Chicken,320
 Big Mummy,321
 Big Pitcher,322
 Big Wong Xl,323
 Biggies Burger N More,324
 Bihar Ki Shan,325
 Bikaner Jn,326
 Bikaner Sweets,327
 Billionaires Cafe,328
 Birbal Darbar,329
 Birinz,330
 Biriyani Bungalow,331
 Biriyani House,332
 Biriyani Mane,333
 Biriyani Nights,334
 Biriyani Paradise,335
 Biriyani Zone,336
 Biriyaniz,337
 Biryani Affair,338
 Biryani Club,339
 Biryani Darbar,340
 Biryani Day,341
 Biryani Durbar,342
 Biryani Junction,343
 Biryani Kitchen,344
 Biryani Mane,345
 Biryani Miya,346
 Biryani Palace,347
 Biryani Park,348
 Biryani Pot,349
 Biryani RoohEKhaas,350
 Biryani Treats,351
 Biryani Trip,352
 Biryanis And More,353
 Biso  Citrus Hotels,354
 Bistro Claytopia,355
 Bistro Oui,356
 Bite Me Cupcakes,357
 Bitebox,358
 Biting Junction,359
 Black Deer,360
 Black Jack,361
 Black Mug Cafe,362
 Black Pepper Lounge  Case De Bengaluru,363
 Bling  The Zuri,364
 Blistering Barnacles,365
 Blk Plus Wht,366
 BloomsburyS Global Kitchen  Bakehouse,367
 Blow,368
 Blue Bar  The Taj West End,369
 Blue Berry Restaurant,370
 Blue Ginger  The Taj West End,371
 Blue Terrain  Novotel,372
 Blue Tokai Coffee Roasters,373
 Bluo,374
 Bo Desi Meals,375
 BobS Bar,376
 BobS Restaurant,377
 Bobacha,378
 Boho,379
 Bohra Bohra Cafe,380
 Bold,381
 Bologna,382
 Bombay Adda,383
 Bombay Brasserie,384
 Bombay Chowpaty Kulfi,385
 Bombay Kulfis,386
 Bombay Sandwich Company,387
 Bombay Vada Pav Corner,388
 Bon Appetit Resto,389
 Bon Sante,390
 Bonfooder,391
 Bonsouth,392
 Bonum Cibum,393
 Boondock Bistro,394
 Bootlegger,395
 Bottle  Glass,396
 Bottle Breacher,397
 Bottoms Up Resto Bar,398
 Bowring Kulfi,399
 BozoS Yum Yums,400
 Brahmin Tiffins  Coffee,401
 BrahminS Coffee Bar,402
 Brahmins Food Corner,403
 Brahmins Thatte Idli,404
 Bread Crumbs Bakery,405
 Breads And Banter,406
 Breadworks,407
 Break Hour,408
 Breakfast House,409
 Breezy Cow Bar,410
 Brew And Barbeque  A Microbrewery Pub,411
 Brew Bakes Cafe,412
 Brew Meister,413
 Brewklyn Microbrewery,414
 Brews N Bites,415
 Brewsky,416
 Brewz Coffee,417
 Bricklane,418
 Brik Oven,419
 BrilramS Balaji Bhavan,420
 Brimstone Cafe,421
 Broadway  The Gourmet Theatre,422
 Brooks 37,423
 Brooks And Bonds Brewery,424
 Brownie Heaven,425
 Brunchilly,426
 Brundhavana Food Point,427
 Btdt Been There Done That,428
 Btm Bawarchi Biryani,429
 Btm Ghar Ka Khana,430
 Bubble Bee,431
 Bubblewrap Waffle Co,432
 Buddha Treats,433
 Buff Buffet Buff,434
 Bufferia,435
 Bulls N Bears  Bar Trade Xchange,436
 Bun Maska Chai,437
 Bun Town,438
 Bun World,439
 Bundar,440
 BuntS Biriyani Palace,441
 Burger King,442
 Burger Lounge,443
 Burgundy  Royal Orchid Suites,444
 Burma Burma,445
 Burp,446
 Burrito Boys,447
 Butter Side Up,448
 Butterly,449
 By 2 Coffee,450
 By The Blue  Grand Mercure,451
 Byblos,452
 Byg Brewski Brewing Company,453
 Byli  Bet You Love It,454
 C K Mega Hot Food,455
 C Sharp Kitchen,456
 Cable Car,457
 CafEleven,458
 Cafe  Elanza,459
 Cafe 99 Kerala Mess,460
 Cafe Aira,461
 Cafe Ajfan,462
 Cafe Aladdin,463
 Cafe Arabica,464
 Cafe At The Atelier,465
 Cafe Azzure,466
 Cafe Beirut,467
 Cafe Bollywood,468
 Cafe Braqa,469
 Cafe Cassia Deli,470
 Cafe Centralis,471
 Cafe Cerrise,472
 Cafe China,473
 Cafe Coffee Day,474
 Cafe Coffee Day The Lounge,475
 Cafe Coffee Day The Square,476
 Cafe Cosy,477
 Cafe DHide,478
 Cafe Daily Bread,479
 Cafe Down The Alley,480
 Cafe Felix,481
 Cafe Grill,482
 Cafe Happytizing,483
 Cafe Idly,484
 Cafe Imroze,485
 Cafe Kaara,486
 Cafe Kabana,487
 Cafe Madhura,488
 Cafe Mamma Mia,489
 Cafe Mandala,490
 Cafe Mangii,491
 Cafe Max,492
 Cafe Medley,493
 Cafe Mist,494
 Cafe Mondo,495
 Cafe MorIsh,496
 Cafe Mozaic  Taj Mg Road Bengaluru,497
 Cafe Noir,498
 Cafe Nosh,499
 Cafe Nukkad,500
 Cafe Of Joy,501
 Cafe Olive,502
 Cafe On The Way,503
 Cafe Orio,504
 Cafe Palmyra,505
 Cafe Palnad,506
 Cafe Petu,507
 Cafe Pink Pajamas,508
 Cafe Poetry,509
 Cafe Potpourri,510
 Cafe Rossini,511
 Cafe Secret Alley,512
 Cafe Shuffle,513
 Cafe Srinidhi,514
 Cafe Terra,515
 Cafe Thulp,516
 Cafe Treat  The Pride Hotel,517
 Cafe Udupi Ruchi,518
 Cafe Vivacity,519
 Cafemoto,520
 Cafesta,521
 Caffe Pascucci,522
 Cake Box,523
 Cake Cafe,524
 Cake Dilim,525
 Cake Genie,526
 Cake House  Story Cafe,527
 Cake Town Cafe,528
 Cakebuy,529
 Cakesta,530
 Cakewala,531
 Cakewalk,532
 Cakezone,533
 Calcutta Victoria Chat House,534
 Calicut Restaurant,535
 California Burrito,536
 Calorie Express,537
 CalvinS,538
 CaneOLa,539
 Canopy,540
 Canopy Flavours,541
 Canton,542
 Caperberry,543
 Caprese  ShangriLa Hotel,544
 Capri Gastrobar,545
 Capsicum Family Restaurant,546
 Caraway Kitchen  Conrad Bengaluru,547
 Carlos Cake Cafe,548
 Carnatic,549
 Carnival De Goa,550
 Carrots,551
 Casa De Goa,552
 Casa Piccosa,553
 Cashmere Nites,554
 Casino Hotel,555
 Castle Rock,556
 CatchUpIno,557
 Cauvery Hyderabadi Biriyani,558
 Cave N Dine,559
 Cedar Bar  Dive  Hotel Presidency,560
 Central Jail Restaurant,561
 Chaai Resto,562
 Chaarcoal,563
 Chaat Street,564
 Chaat Trail By Moti Mahal,565
 Chaatimes,566
 Chai Cafe,567
 Chai Chowk,568
 Chai Days,569
 Chai Galli,570
 Chai Kraft,571
 Chai Mania,572
 Chai Point,573
 Chaitanya Cafe,574
 Chaithanya Delicacy,575
 Chaiwala,576
 Chaiywaala Da Dhaba,577
 Chakh Le Foods,578
 Chakh Le India,579
 Chakum Chukum Calcutta On A Roll,580
 Chandni Chowk 2 Bangalore,581
 Chandrappa Hotel,582
 Chandrika Tiffins,583
 Chandus Delux,584
 Chantilly,585
 Chapati House,586
 Chapter One Bar  Maiin,587
 Charcoal Eats,588
 Charminar Kabab Paradise,589
 Chaska Bun,590
 Chatar Patar,591
 Chatora,592
 Chatora Singh,593
 Chatorezz,594
 Chatori Gali,595
 Chatori Tongue,596
 Chatpatlal Sweets  Snacks,597
 Chavadi,598
 ChawlaS 2 OnlineCom,599
 Checkpost,600
 Cheers Pub Bar  Restro,601
 Cheesiano Pizza,602
 Cheesy Juicy Burgers,603
 Chef BakerS,604
 Chef In,605
 Chef Master,606
 ChefS Gallery,607
 Chefactory Gold By Flechazo,608
 Chefeana,609
 Chefkraft,610
 ChellappaS,611
 ChetaS Kitchen,612
 Chettayees,613
 ChettyS Coffee,614
 ChettyS Corner,615
 Chez Mariannick,616
 Chez Nous  Novotel,617
 Chianti,618
 ChichabaS Taj,619
 Chick Inn,620
 Chicken County,621
 Chicken County Grand,622
 Chicken Hunt,623
 Chicken Man,624
 Chickpet Donne Biryani House,625
 Chikkanna Tiffin Room,626
 ChiliS American Grill  Bar,627
 ChillUm Cafe,628
 ChillerS Nation  Iris Inn,629
 Chillikum,630
 Chime  Sheraton Grand Bengaluru Whitefield Hotel ,631
 Chin Chin By The Biere Club,632
 Chin Lung Resto Bar,633
 Chin Lung RestoBar,634
 China Bistro  Lounge,635
 China Bowl,636
 China Hut,637
 China Pearl,638
 Chinese Street,639
 Chinita Real Mexican Food,640
 ChinmayeeS,641
 Choco Cheese,642
 Chocoberry,643
 Chocolat Boulangerie Patisserie,644
 Chocolate DLuxe,645
 Chokha Chowka,646
 Chopstick Kitchen,647
 Chopstick World,648
 Chord Road RestoBar,649
 Chow San,650
 Chowmein,651
 Chowpatty,652
 Chubalas Curry And Rice,653
 Chugg,654
 Chulha Chauki Da Dhaba,655
 Chullah Bhatti,656
 Chullah Chandigarh,657
 Chumma Delicious,658
 Chung Wah,659
 Chung Wah Express,660
 Chung Wah Opus,661
 ChungS Chinese Corner,662
 Chungs Pavilion,663
 Church Street Social,664
 ChurchillS,665
 Churrascaria Brazil,666
 Chutney Chang,667
 Ciclo Cafe,668
 Cilantro,669
 Cinnamon,670
 Cinnamon  Renaissance Hotel Bengaluru,671
 Cirkus,672
 Cita Pani,673
 Citrus  The Leela Palace,674
 Citrus Cafe  Lemon Tree Hotel,675
 Citrus Cafe  Lemon Tree Premier,676
 City Durbar,677
 Clean Slate Cafe,678
 Cloudnyn  Sterling Mac Hotel,679
 Clove Rooftop,680
 Coast,681
 Coastal Biryani Paradise,682
 Coastal Delight,683
 Coastal Hub,684
 Coastal Inn,685
 Coastal Mama,686
 Coastal Spice,687
 Cobaja,688
 Coco Grove Beer Cafe,689
 Coconadu,690
 Coconut Grove,691
 Coffee Mechanics,692
 Coffee Tea  More,693
 CoffeeArens,694
 Cold Stone Creamery,695
 Communiti,696
 ConnieS Restaurant  Steakhouse,697
 Cookie Man,698
 Cooking Mom,699
 Cool Corner,700
 Cool Joint,701
 Coorg Diaries,702
 Copper Chimney,703
 Corner House Ice Cream,704
 Costa Coffee,705
 Cottage Loaf,706
 Countryside  The Taste Of Chettinad,707
 Crafted Plate,708
 Cravings,709
 Cravy Wings,710
 Crawl Street,711
 Cream  Fudge,712
 Cream Chemistry,713
 Cream N Desserts,714
 Cream Stone,715
 Creamvilla,716
 Creamyum,717
 Crisp Cafe,718
 Cross Road Cafe,719
 Cross Roads Cafe,720
 Crown Gold,721
 Crumb Together,722
 Crunch Pizzas,723
 Crunch Pizzas  Express Delivery,724
 Crunchie Corner,725
 Ctr,726
 Cubbon Pavilion  Itc Gardenia,727
 Cubbonpete Donne Biryani,728
 Cucumber Town,729
 Cup Chronicles Cafe,730
 Cup Shup,731
 Cupcake Couture,732
 Cupcake Noggins,733
 Cuppa,734
 Curries And Pickles,735
 Curry Leaves,736
 Curry With A K  St MarkS Hotel,737
 Currylicious,738
 D View Cafe,739
 D7 Feast Resto Cafe,740
 DZaprino,741
 DadS Cookhouse,742
 DadiS Dum Biryani,743
 Daily Bread,744
 Daily Sushi,745
 Dakshin,746
 Dakshin  Itc Windsor,747
 Dakshin Biryani  Tiffin,748
 Dakshin Cafe,749
 Dakshin Spice,750
 Dal Roti,751
 Dal Roti Sabji,752
 Dal Tadkaa,753
 Dalchini,754
 Dalma,755
 Damodar Seth,756
 Danapani,757
 DandeS Hyderabad Biryani,758
 DaniyalS,759
 Danny Lambas Punjabi Dhaba,760
 Darbar,761
 Dash In,762
 Davanagere Benne Dose,763
 Davangere Benna Dose Hotel,764
 De Grand Restaurant,765
 De Street Cafe,766
 De Thaali,767
 Deccan House,768
 Deccan Spice,769
 DeckerS Lane,770
 Deejas Kitchen,771
 Degchi Restaurant,772
 Dehati Murgee,773
 Deja Vu Resto Bar,774
 Delhi Base Sri Food Court,775
 Delhi Food Point,776
 Delhi Highway,777
 Delhi Ke Bawarchi,778
 Delhi Kitchen,779
 Delhi Mahal,780
 Delhi Mess,781
 Delhi Restaurant,782
 Delhi Walle,783
 DelhiS Essence,784
 Deli Chats And Sweets,785
 Delicacy,786
 Delicious Momos,787
 Delight Food,788
 Delightz,789
 Delite Chaat House,790
 Delitoons,791
 Delitz Creamvilla Cafe,792
 Deshi Fusion Pizza,793
 Desi Bites,794
 Desi Bytes,795
 Desi Cream Junction,796
 Desi Dawat,797
 Desi Deck,798
 Desi Doze,799
 Desi Flavours,800
 Desi Khana,801
 Desi Rasoi,802
 Desi Vdesi,803
 Desi Vibes,804
 Desi Wok,805
 Desipun,806
 Despiwich DragonS Kitchen,807
 Dev Sagar  Food Street,808
 DevS Gugababa,809
 Dhaba  Estd 1986 Delhi,810
 Dhaba Bytes,811
 Dhaba Estd 1986 Delhi,812
 Dhaba Express,813
 Dhaba Shaba,814
 Dhaba Social,815
 Dhadoom,816
 Dhanalakshmi Grand,817
 Dhang Ka Khana,818
 Dhuaan,819
 Dhyaana,820
 Dialogues,821
 Dice N Dine,822
 Dil Punjabi,823
 Dil Se Dilli,824
 Dil Se Punjabi,825
 Dilish Kitchens,826
 Dilli Darbar,827
 Dilli Dil Se,828
 Dilli Galli,829
 Dindigul Thalappakatti,830
 Dinepost9,831
 Dive,832
 Divina  Eden Park Restaurants,833
 Django,834
 Dock FrostD,835
 Doff Pub And Lounge,836
 Dolci Desserts,837
 Dolphin Bar,838
 DominoS Pizza,839
 Doner Bel,840
 Donne Biriyani House,841
 Donne Biriyani Mane,842
 Donne Biryani Kuteera,843
 Donut Cafe,844
 Doof,845
 Dosa Bazaar,846
 Dosa Plaza,847
 Dosa Time,848
 DotYum  Aloft Hotel,849
 Double Decker,850
 Downtown,851
 Dr Bubbles,852
 Dr Sheesha,853
 Draggers Cafe,854
 DragonS Kitchen,855
 Drava,856
 Dream A Dozen,857
 Dreamcatcher,858
 Dreams Cafe  All Day English Food St,859
 Driven Cafe,860
 Drunken Monkey,861
 Drunkling  Sizzlers And Pub,862
 Dublin  Itc Windsor,863
 Dum Biryani Hub,864
 Dum Pukht Jolly Nabobs  Itc Windsor,865
 Dunkin Donuts,866
 Dwaraka Grand,867
 Dwaraka Krishna,868
 Dyu Art Cafe,869
 Earthen Bowl,870
 East Delicious,871
 East The Oterra,872
 Easy Bites,873
 Easy Tiger,874
 Eat At Nite,875
 Eat Eroo  Bombay Vada Pav,876
 Eat Eroo  South China,877
 Eat N Drink,878
 Eat Repeat,879
 Eat Street,880
 Eat Well,881
 EatFit,882
 Eatapita,883
 Eating Love,884
 Eatsomnia,885
 Eatwater,886
 Eatzgreen,887
 Ebony,888
 Echoes Koramangala,889
 EddyS Cafe,890
 Eden Huts Restaurant,891
 Eden Park,892
 Edo Restaurant  Bar  Itc Gardenia,893
 Eggfactor  Street House,894
 Eggstacy,895
 Eggzotic,896
 El Salver,897
 Elegant Dining,898
 Elements  Mapple Express,899
 Elements Eatery,900
 Elmas Restaurant,901
 ElongoS,902
 Ember The Calabash,903
 Embers  Nandhana Grand Hotel,904
 Empire Juice Shop,905
 Empire Restaurant,906
 Enchanted Garden,907
 Energy Addaa,908
 Enerjuvate Studio  Cafe,909
 Ente Keralam,910
 Entree Cafe,911
 Entropy Cafe,912
 Equinox Bar  Doubletree Suites By Hilton,913
 Esfahan Restaurant,914
 Eshanya,915
 Eshmeet Da Dhaba,916
 Esplanade,917
 Estia  Aloft Hotel,918
 Euki,919
 Eurasia Pasta And Barbeque By Little Italy,920
 Faasos,921
 Fabelle Chocolate Boutique  Itc Gardenia,922
 Fabelle Chocolate Boutique  Itc Windsor,923
 Fabindia Cafe,924
 Facebake,925
 FalafelS  The Lebanese Haus,926
 Falahaar,927
 Families Food Court,928
 Fandom At GillyS Redefined,929
 Fanoos,930
 Farzi Cafe,931
 Fat Buddha,932
 Fat Chef Biryani Wale,933
 FatsoS,934
 Fattoush,935
 Fava,936
 Fava Bistro,937
 Fazzito Kitchen,938
 Feast  Sheraton Grand Bangalore Hotel At Brigade,939
 Feast  Sheraton Grand Bengaluru Whitefield Hotel ,940
 Feast India Co,941
 Feaster,942
 FeelHome,943
 FennyS Lounge And Kitchen,944
 FiddlerS Green,945
 Fiero Pizzeria,946
 Fill N Chill Resto Bar  Pub,947
 Fillers,948
 Filmy Kitchen,949
 Firangi Bake,950
 Fire Station,951
 Firehouse  Bar  Kitchen,952
 Firewood Biryani,953
 Fish  Fries Restaurant,954
 Fish Chain,955
 Fish Corner,956
 Fishing Boat,957
 Fishing Boat  Hotel Goyal Residency,958
 Fishland,959
 Fishland 15,960
 Five Spice Dining,961
 Five Star Cafe,962
 Five Star Chicken,963
 Flavor Of Tibet,964
 Flavors Of India,965
 Flavors Of North,966
 Flavorsome Bakes,967
 Flavour A Azam,968
 Flavour Of China,969
 Flavours  Octave Hotel  Spa,970
 Flavours Inn,971
 Flavours Radha Hometel,972
 Flechazo,973
 Float,974
 Float Brewery,975
 FlouredBaked With Love,976
 Flow  Terrace Bar  Grill,977
 Flying Cakes,978
 Fnc Seafood,979
 Folklore Restaurant,980
 Food And You,981
 Food Junction,982
 Food Magic Restaurant,983
 Food Mood,984
 Food Point,985
 Food Ras,986
 Food Springs,987
 Food Theory,988
 Food Zone,989
 Foodhall,990
 Foodiction,991
 Foodie,992
 Foodies Choice,993
 Foodies Delight,994
 Foodies Express,995
 Foodiesthan,996
 Foodishq,997
 Foodism,998
 Foody Baba,999
 FoodyS,1000
 Foodzoo,1001
 Forage,1002
 Foreign Cafe,1003
 Fort Kochi,1004
 Foxtrot,1005
 Foxtrot  House Of Subculture,1006
 Fragrant Kitchen,1007
 Fresh N Grills,1008
 Fresh Pressery Cafe,1009
 Fresh Veg,1010
 Freshkhilao,1011
 Freshmenu,1012
 Freskka,1013
 FriendS Cafe,1014
 FriendS Own,1015
 Friends Diner,1016
 Friends Night Kitchen,1017
 Friendz Zone,1018
 Fritz Haber,1019
 Frootality,1020
 Frozen Bottle,1021
 Frozen Coast,1022
 Frozenheit,1023
 Fuel Resto Bar,1024
 Fujan,1025
 Fujian Express,1026
 Fullyfilled,1027
 Fun Kitchen,1028
 Funjabi,1029
 Funky Punjab,1030
 Fusion Lounge,1031
 Fusion Tadka,1032
 Fusion Theory,1033
 Gali Parathae Wali,1034
 GalitoS,1035
 GamS Delicacy,1036
 Gama Gama,1037
 Game Of Tandoors,1038
 Ganache  The RitzCarlton,1039
 Garma Garam,1040
 Gelato Italiano,1041
 Ghar Ka Chulha,1042
 Ghar Ka Khana,1043
 Ghee Biryanis,1044
 Ghee Positive,1045
 GillyS Restobar,1046
 Ging  Royal Orchid Central,1047
 Ginger,1048
 Ginger  Garlic,1049
 Ginger Greens,1050
 Ginseng  Royal Orchid Hotel,1051
 Giselle Resto Cafe,1052
 Give Me 5 Cafe,1053
 Gkt Biryani World,1054
 Glassy,1055
 GlenS Bakehouse,1056
 Global Flavors,1057
 Gmt  Gelateria Montecatini Terme,1058
 Go Italia,1059
 Go Native,1060
 Goa 0 Km,1061
 Gobble Up Churros Cafe,1062
 Godavari Delights,1063
 Gods Own Cafe,1064
 GogulaS Sweets  Chats,1065
 Gokul Kuteera,1066
 Gokul Veg,1067
 Gold Bean,1068
 Gold Line Breadz,1069
 Golden Oak  La Marvella Sarovar Premiere Hotel,1070
 Golden Restaurant,1071
 Golden Rice,1072
 Goli Vada Pav No 1,1073
 Golkonda Chimney,1074
 Gongura,1075
 Gooey  Fluffy,1076
 Gorbandh,1077
 Gorilla Barfare,1078
 Gowdru Hotel,1079
 Gramin,1080
 Grand Village,1081
 GrandmaS Recipe,1082
 Grapevine,1083
 Grazers,1084
 Green Family Bar  Restaurant,1085
 Green Gardenia,1086
 Green Hyderabad Biryani House,1087
 Green Onion,1088
 Green Pepper,1089
 Green Theory,1090
 Grigliato,1091
 Grill Hut,1092
 Grilliez,1093
 Grillopia,1094
 Grills  Rolls,1095
 Grills And Tandoor,1096
 Grow Fit,1097
 Grubbery,1098
 Grubhouse,1099
 Gud Dhani,1100
 Gudguda Prime Cafe,1101
 Gufha  The President Hotel,1102
 GulluS Chat,1103
 Gundappa Donne Biryani,1104
 Guru Garden,1105
 Guru Greens,1106
 Guru Paradise,1107
 Gurukrupa Paratha House,1108
 GustoS Pizza,1109
 Gustoes Beer House,1110
 Guzzlers Inn,1111
 Gyani Da Punjabi Dhaba,1112
 Haagen Dazs,1113
 Habibi Falafel,1114
 Habitts,1115
 Hae Kum Gang,1116
 Haji Ali Juice Centre,1117
 Hakka Chinese Restaurant,1118
 Hakuna Matata,1119
 Halli Jonne Biriyani,1120
 Halli Mane,1121
 Halo Chef,1122
 Hammered,1123
 Hamza,1124
 Handi Biryani,1125
 Hang10 Resto N Cafe,1126
 Hangover,1127
 Hanoi  Vietnamese Cuisine,1128
 Happy Belly Bakes,1129
 Happy Brew,1130
 Happy Endings,1131
 Happy House Restaurant,1132
 Happy Kitchen,1133
 Happy Plate,1134
 Happy Singh,1135
 Hara Fine Dine,1136
 Hard Rock Cafe,1137
 Hari Super Sandwich,1138
 Harima,1139
 HarryS Bar  Cafe,1140
 Harshi Super Sandwich,1141
 Hashtag Kitchen,1142
 Hatch,1143
 Hatti Kaapi,1144
 Hatti Punjab Di,1145
 Haute,1146
 Have More,1147
 Haveli,1148
 Havelli  ChairmanS Resort,1149
 Head O State,1150
 HeadS Or TailS,1151
 Health Gourmet,1152
 Health Zingo,1153
 Healthie,1154
 Hello RestoPub,1155
 Helloo Delhi,1156
 Herbs  Spices,1157
 Here  Now,1158
 Hi Seoul,1159
 High N Hungry,1160
 High Ultra Lounge,1161
 Highteaparty Cafe,1162
 Himalyan Inn Tibet Kitchen,1163
 Hind Ka Chulah,1164
 Hiyar Majhe Kolkata,1165
 Hokey Pokey Ice Creams,1166
 Holige Mane,1167
 Homelicious Food,1168
 Homms,1169
 Hongkong Garden,1170
 Hongkong Noodles,1171
 Hoot,1172
 Hoppipola,1173
 Hot Attack,1174
 Hotboxit,1175
 Hotel Aditya,1176
 Hotel Ajantha,1177
 Hotel Annapoorna,1178
 Hotel Aradhana,1179
 Hotel Ayodhya Upahar,1180
 Hotel Chandrika,1181
 Hotel Crossroads,1182
 Hotel Dwarka,1183
 Hotel Elite,1184
 Hotel Emirates,1185
 Hotel Fanoos,1186
 Hotel Feast Ambur Biriyani,1187
 Hotel Food Lands,1188
 Hotel Green Tara,1189
 Hotel Halli Nenapu,1190
 Hotel Janardhan,1191
 Hotel Janatha,1192
 Hotel Junior Kuppanna,1193
 Hotel Kadamba Veg,1194
 Hotel Karavali,1195
 Hotel Little Imperial,1196
 Hotel Mangala,1197
 Hotel Manu,1198
 Hotel Manu Residency,1199
 Hotel Moonlight,1200
 Hotel Nalapaka,1201
 Hotel New Panchavati,1202
 Hotel Ramprasad,1203
 Hotel Salala,1204
 Hotel Shangrila,1205
 Hotel The Shack,1206
 Hotel TomS Restaurant,1207
 Hottey Smokey,1208
 House Of Commons,1209
 House Of Kebabs,1210
 House Of Seitan,1211
 House Of Torte,1212
 House Stark Cafe,1213
 Howlin Wolf,1214
 Howrah Bridge,1215
 Hq,1216
 Hsr Agarval Bhavan,1217
 Hsr High Street,1218
 Huko Mukho Hangla,1219
 Hunan,1220
 Hunan Express,1221
 Hunan KingS,1222
 Hunger Bee,1223
 Hunger Camp,1224
 Hunger Hitman,1225
 Hunger Meals,1226
 Hungree Belly,1227
 Hungry Hippie,1228
 Hungry Lee,1229
 Hungry Paunch,1230
 Hungry Vihaari,1231
 HusbandS Kitchen,1232
 Hvr Veg,1233
 Hyderabad Bawarchi,1234
 Hyderabad Biryaani Home,1235
 Hyderabad Biryaani House,1236
 Hyderabad Biryaani Palace,1237
 Hyderabad Biryani,1238
 Hyderabad Biryani House,1239
 Hyderabad Chefs,1240
 Hyderabad Cuisine,1241
 Hyderabad Cuisine Multicuisine Restaurant,1242
 Hyderabad Darbar,1243
 Hyderabad Magic,1244
 Hyderabadi Bawarchi,1245
 Hyderabadi Biriyani,1246
 Hyderabadi Biryani Hub,1247
 Hyderabadi Spice,1248
 Hype  ShangriLa Hotel,1249
 I Cool,1250
 IBar  The Park Bangalore,1251
 Ibaco,1252
 Ice  Taj Mg Road Bengaluru,1253
 Ice Cream Works,1254
 Ice Land,1255
 Ice N Fries Cafe,1256
 Ice Thunder,1257
 Icebreakers,1258
 Idc Kitchen,1259
 Idli  Dosa Cafe,1260
 Idly Pidly,1261
 Imli,1262
 Imperia Restaurant,1263
 Imperial Restaurant,1264
 Imperio Restaurant,1265
 In Wok,1266
 Inazia  Sheraton Grand Bengaluru Whitefield Hotel ,1267
 Incanto  The Zuri,1268
 Inchara,1269
 Inchara Restaurant,1270
 India Garden,1271
 Indian Coffee House,1272
 Indian Coffee House  Restaurant,1273
 Indian Durbar  Conrad Bengaluru,1274
 Indian Food Court,1275
 Indian Kitchen,1276
 Indian Paratha Factory,1277
 Indian Tadka,1278
 Indiana Burgers,1279
 Indigo X Ii P,1280
 Indigo Xp,1281
 Indore Eat Restaurant,1282
 Indori Chatorey,1283
 Indus Family Restaurant,1284
 IndyS Comfort Food,1285
 Infinitea Tea Room  Tea Store,1286
 Infinity Family Restaurant,1287
 Ingu Tengu,1288
 Inhouse Burger,1289
 Innerchef,1290
 InsomniacS Delight,1291
 Intalia,1292
 Intriicake,1293
 Ishta Cafe,1294
 Italia  The Park Bangalore,1295
 Italy,1296
 Ithaca  The Chancery Pavilion,1297
 Ivy,1298
 Ivy Park,1299
 IyengarS Inn,1300
 Iyer Idly,1301
 Iyer Mess,1302
 IyerS Tiffin Centre,1303
 Izakaya Gastro Pub,1304
 J Spice,1305
 JS Cafe,1306
 Jade,1307
 JaffaS Biryani,1308
 Jai Jinendra,1309
 Jai Mataji Farshan  Sweets,1310
 Jaisalmer,1311
 Jalpaan,1312
 Jalsa,1313
 Jalsa Gold,1314
 Jamavar  The Leela Palace,1315
 Janahaar,1316
 Japan Travel Cafe Azuki,1317
 Jashn,1318
 Jashn Hyderabadi Bawarchi,1319
 Java City,1320
 Jcubez,1321
 JeffS  Royal Orchid Hotel,1322
 Jetlag,1323
 Ji Hazoor,1324
 JimiS Beer Cafe,1325
 Jingo Bbq  Burgers,1326
 JohnyS Kitchen,1327
 JonahS,1328
 JoseS Mess,1329
 Js Food Court,1330
 Juice Berg,1331
 Juice Junction,1332
 Juice Junction Food Court,1333
 Juicemaker,1334
 Juicy,1335
 Juicy Momos,1336
 Jukebox,1337
 Jumping Beans,1338
 Just Bake,1339
 Just Delhiwala,1340
 Just Fresh Point,1341
 Just Khao Suey,1342
 Just Shawarma,1343
 Just Yum,1344
 Justbe Cafe,1345
 Jw Kitchen  Jw Marriott Bengaluru,1346
 KGN Kabbab Corner,1347
 Ka 12  Flavour Of Coorg,1348
 Ka53,1349
 Kaafi Desi,1350
 Kaapikada,1351
 Kaara By The Lake,1352
 Kaaram,1353
 Kaati Zone,1354
 Kaayal,1355
 Kabab Korner,1356
 Kabab Magic,1357
 Kabab Mandra,1358
 Kabab Mehal,1359
 Kabab Mirchi,1360
 Kabab Palace,1361
 Kabab Souq,1362
 Kabab Treat,1363
 Kachori Kafe,1364
 Kadai Crust  Amma Veetu Samayal,1365
 Kadal Da Meen,1366
 Kadala Tarangaa,1367
 Kadala Teera,1368
 Kadamba Gardenia,1369
 Kaifu,1370
 Kailash Parbat,1371
 Kairali,1372
 Kairali Restaurant,1373
 Kairos,1374
 Kaka Food Corner,1375
 KakaTCafe,1376
 Kakaji,1377
 KakalKai Ruchi,1378
 Kalingas,1379
 Kalmane Koffees,1380
 Kalpavriksha Upahara,1381
 Kamat Bugle Rock,1382
 Kamat Hotel,1383
 Kamat Minerva,1384
 Kamat Swaad,1385
 Kamat Yatrinivas,1386
 KamatS Palate Korner,1387
 Kannur Food Point,1388
 Kannur Restaurant,1389
 Kanteen 038,1390
 Kanteen The Eatery,1391
 Kanthari,1392
 Kanti Sweets,1393
 KantiS,1394
 Kanua,1395
 KapoorS Biriyani,1396
 KapoorS Cafe,1397
 Karachi Bakery,1398
 Karahi Kitchen,1399
 Karaikudi Restaurant,1400
 Karama Restaurant,1401
 Karavali Lunch Home,1402
 Karavalli  The Gateway Hotel,1403
 Kargeens,1404
 Karibu  The Zuri,1405
 Karma Kaapi,1406
 Karnataka Bhel House,1407
 KartikS Mithai Shoppe,1408
 KatariaS Home Food,1409
 KatariaS Pakwan,1410
 Kava  Fairfield By Marriott,1411
 Kava Kitchen  Bar  Fairfield By Marriott,1412
 Kavali,1413
 Kawaii,1414
 Kaz,1415
 Kc Das,1416
 Kc Das  Sai Sweets,1417
 Kc Das  Sweet Paradise,1418
 Kebabs  Kurries  Itc Gardenia,1419
 Kebarbiq,1420
 KediaS Fun Food,1421
 Keep It Straight Cafe,1422
 KennyS Restaurant,1423
 Kentacky Chicken Corner,1424
 Kerala Pavilion,1425
 Kerala Tiffin,1426
 Kerala Vibes,1427
 Kesar Sweet Shop And Fast Food,1428
 Kesariya,1429
 Keto Kitchen,1430
 Kettle On,1431
 Keventers,1432
 Kevins Kitchen,1433
 Keys Cafe  Keys Hotel,1434
 Kfc,1435
 Khai Khai,1436
 Khan Saheb Grills And Rolls,1437
 Khatta Meetha Teekha,1438
 Khawa Karpo,1439
 Khazana Food Paradise,1440
 Khopcha,1441
 Khyma Biryani,1442
 Kick Out The Jams,1443
 KidambiS Kitchen,1444
 Kidilum,1445
 Kijiji  Chal Yaha Khate Hai,1446
 Kim Lee Restaurant,1447
 King,1448
 KingS Appetite,1449
 Kinpeetos,1450
 KirthiS Biryani,1451
 Kitchen Garden,1452
 Kitchen Katta,1453
 Kitchen King,1454
 Kitchen Of Joy,1455
 Kitchen On Table,1456
 KitchenS Sea Food Restaurant,1457
 KitchensHsr,1458
 KitchensJp Nagar,1459
 KitchensMahadevpura,1460
 KitchensWhitefield,1461
 KittuS,1462
 Kittyko,1463
 Kkr Foodies,1464
 Klinx  Hilton Bangalore Embassy Golflinks,1465
 Knowhere,1466
 Kobe Sizzlers,1467
 Kokomo,1468
 Kolkata Biriyani,1469
 Kolkata Kitchen,1470
 KollapuriS,1471
 Komala Refreshments,1472
 Konark Vegetarian Restaurant,1473
 Konaseema Grand,1474
 Konaseema Kitchen,1475
 Kopper Kadai,1476
 Koramangala Social,1477
 Koshe Kosha,1478
 KoshyS,1479
 Kota Kachori,1480
 Krazzy Folds,1481
 Krem,1482
 Krishna Kuteera,1483
 Krishna Sagar,1484
 Krispy Kreme,1485
 Kritunga Restaurant,1486
 Krutunga,1487
 Kudil Kerala Kitchen,1488
 Kudla  Coraltree,1489
 Kudla  Hotel Ramanashree,1490
 Kulfi  More,1491
 Kullad Cafe,1492
 Kumarakom,1493
 Kumbakonam Degree Coffee,1494
 Kund Indian Barbeque,1495
 Kunda Biryani,1496
 Kundana,1497
 Kurtoskalacs,1498
 Kusum Restaurant,1499
 Kusum Rolls,1500
 Kuttanad Restaurant,1501
 Kuttanadu,1502
 Kwality Cakes N Bakes,1503
 Kwatlay RestOCafe,1504
 Kya Khaoge,1505
 KylieS,1506
 L J Iyengar Bakery,1507
 L81 Cafe,1508
 La Brasserie  Le Meridien,1509
 La Casa,1510
 La Casa Brewery And Kitchen,1511
 La Grande Cafe,1512
 La Heaven,1513
 La Madeleine Patisserie,1514
 La PinoZ Pizza,1515
 LaPizza,1516
 Laddoos,1517
 Lakeview Milkbar,1518
 Lakshmi Natraja Refreshments,1519
 LalcheeS Rasoi,1520
 Lan Thai,1521
 Lassi Adda,1522
 Lassi Corner,1523
 Lassi Resto Cafe,1524
 Lassi Shop,1525
 Late Night,1526
 Latitude Whitefield,1527
 Laughing Llama Gastropub,1528
 Lavonne,1529
 Layla  The Den Bengaluru,1530
 Lazeez,1531
 Lazio Steaks  More,1532
 Laziz Pizza,1533
 Lazy Suzy,1534
 Le Arabia,1535
 Le Casse CroTe,1536
 Le Charcoal,1537
 Le Charcoal Xpress,1538
 Le Cirque Signature  The Leela Palace,1539
 Le Gateau  The Cake Shop,1540
 Le Jardin  The Oberoi,1541
 Le Jardin By Bhagini,1542
 Le Rock,1543
 Le Roll Cafe,1544
 LeelaS Kitchen,1545
 Leia Soul Food,1546
 Lemon Krust,1547
 LennyS Burgers And More,1548
 Leon Grill,1549
 LeonS Take Away,1550
 Levitate Brewery And Kitchen,1551
 Library Bar  The Leela Palace,1552
 Light House Cafe,1553
 Limelight  Royal Orchid Hotel,1554
 Lincoln Bistro,1555
 Lion King,1556
 Liquid Lounge  Hyatt Centric Mg Road,1557
 Lit Gastro Pub,1558
 Litti House,1559
 Litti Twist,1560
 Little Bites,1561
 Little Black Choux,1562
 Little Cafe,1563
 Little Chef,1564
 Little Green Cafe,1565
 Little Italy,1566
 Little Kitchen,1567
 Little Kolkata,1568
 Little Lucknow,1569
 Little Onnion,1570
 Little Orissa Restaurant,1571
 Lobby Cafe  Radha Regent,1572
 Loca Moca,1573
 Loft38,1574
 Longlive Pizza,1575
 Lono,1576
 Lot Like Crepes,1577
 Lotus Pavilion  Itc Gardenia,1578
 Lounge 189,1579
 Lovely Knights,1580
 Loveshack,1581
 Lucknowiz,1582
 Lucky Singh  Co,1583
 Ludo Cafe,1584
 LuluS Bakery  Fast Food,1585
 Lungees Foods,1586
 Luo Han,1587
 Luscious Folks,1588
 Lush  Renaissance Hotel Bengaluru,1589
 M Bar  Bengaluru Marriott Hotel Whitefield,1590
 M Cafe  Bengaluru Marriott Hotel Whitefield,1591
 MM Restaurant,1592
 MMA Kabab Rolls  Biriyani Center,1593
 MMA KababS  Biriyani Center,1594
 MMA Kababs Rolls  Biryani Center,1595
 MaArya Family Restaurant,1596
 Maa Bhook Lagi,1597
 Maa Di Hatti,1598
 Maa ReddyS Hyderabadi Biryani House,1599
 Mac Fast Food,1600
 Machali Port,1601
 Mad Over Donuts,1602
 Mad Over Fries,1603
 Madeena Hotel,1604
 Madouk Cafe,1605
 Madurai Idli Dosa Shop,1606
 Madurai Idly Shop,1607
 Magic Bowl,1608
 Magic Meals,1609
 Magic Oven,1610
 MagixS Parattha Roll,1611
 Magnolia,1612
 MahadiiS,1613
 Mahalaxmi Tiffin Room,1614
 Mahesh Friends Food Center,1615
 Mahesh Lunch Home,1616
 Mahjong Room  Welcomhotel Bengaluru,1617
 Maia  Eat  Bake  Mom,1618
 Mainland China,1619
 Maiyas,1620
 Majlish,1621
 Mak N Vak  Fyn,1622
 Makers Of Milkshakes,1623
 Malabar,1624
 Malabar Bay,1625
 Malabar Coastal Cuisine,1626
 Malenadu Kitchen,1627
 Malhar Maharashtrian Cuisine,1628
 Malleshwaram Dosa Corner,1629
 Malnad Military Hotel,1630
 Malties  Radisson Blu,1631
 Mama Mia,1632
 Mamagoto,1633
 MamajiS,1634
 Mambos Cafe,1635
 Mamma Mexicana,1636
 Manasa Fishland,1637
 Manbhavan Premium Thali Restaurant,1638
 Manchow,1639
 Mandara  Imera Spa  Resort,1640
 Mandarin Box,1641
 Mandi,1642
 Mane Holige,1643
 Mane Thindi,1644
 Mangala Hotel,1645
 Mangalore Pearl,1646
 Mangalore Pearl  Seafood Restaurant,1647
 Mango Tree The Beer Garden,1648
 ManiS Dum Biryani,1649
 Manjit Da Dhaba,1650
 Maraheb Restaurant,1651
 Marakachi,1652
 Maratha Darshan,1653
 Maravanthe,1654
 Marhaba,1655
 Maria Taste Circle,1656
 MariaS Goan Kitchen,1657
 Marigold Fine Dine Restaurant,1658
 Market Table,1659
 MarleyS Bistro,1660
 Marmaris,1661
 Mars Chicken Delight,1662
 Marwa Restaurant,1663
 Marwari Basa,1664
 Marzipan Cafe  Bakery,1665
 Masala Central,1666
 Masala Chai,1667
 Masala Dani  The Paul,1668
 Masala Klub  The Taj West End,1669
 Masala Oota,1670
 Mast Biryani  Fresh Indian Kitchen,1671
 Mast Kalandar,1672
 Mast Punjabi,1673
 Master Chifoo,1674
 Masti Masala,1675
 Mathsya Darshini,1676
 Matinee Bar  Kitchen,1677
 Matka,1678
 Matka House,1679
 Matru Sagar,1680
 Matsuri  The Chancery Hotel,1681
 Matsya Loka,1682
 Matteo Coffea,1683
 Mavalli Tiffin Room Mtr,1684
 Maxpresso,1685
 Mayonaise,1686
 Mayura 1989,1687
 Mayura Grand,1688
 Mayura Sagar,1689
 Mayuri,1690
 Maziga,1691
 Mc DonaldS,1692
 McdonaldS,1693
 McdonaldS Play Place,1694
 Mdp Coffee House,1695
 Mealbox Inc,1696
 MealerIn,1697
 Mealsbaba,1698
 Mealstree,1699
 Meat And Eat,1700
 Meat And Eat Me,1701
 Meaza Ginger Multi Cuisine Restaurant,1702
 Mecaf Family Restaurant,1703
 Meenu Oota Da Maane,1704
 MeeraaS Beegara Oota,1705
 Mega Bite,1706
 Meghana Biriyanis,1707
 Meghana Biryani,1708
 Meghana Foods,1709
 Meghana Foods Grand,1710
 Meghana Grand,1711
 MelS Korner,1712
 Melange  Hotel Ekaa,1713
 Melange  Radisson Blu,1714
 Melt,1715
 Melt  Eden Park,1716
 Melting Spot,1717
 Memories Of China  Taj Mg Road Bengaluru,1718
 Messy Bowl,1719
 Messy Eats,1720
 MessyS,1721
 Mexican Burrito,1722
 Mid Night Hunting,1723
 MidNight Crunch,1724
 Midnight Hunger Solutions 247,1725
 Midnight Mania,1726
 Midnight Pizza Slurpp,1727
 Mighty Paws,1728
 Mighty Small,1729
 Mikusu  Conrad Bengaluru,1730
 Milano Ice Cream,1731
 Millers 46,1732
 Mimansa  Foxtrot,1733
 Min Mini Punjabi Dhaba,1734
 Mini Punjabi Dhaba,1735
 Ministry Of Food  Hilton Bangalore Embassy Golflinks,1736
 Mint And Mustard,1737
 Mint Masala,1738
 Mirch,1739
 Mishmash,1740
 MishraS Pedha Big Foods,1741
 Mist N Creams,1742
 Misu,1743
 Mitraa Da Pizza,1744
 Mitran Da Junction,1745
 Mockaholic Restro Beer Cafe,1746
 Moghul Durbar Restaurant,1747
 Mojo Pizza  2X Toppings,1748
 Momo Blues,1749
 Momo Cafe  Courtyard By Marriott,1750
 Momo Hut,1751
 Momo Jojo,1752
 Momo Rice Noodles,1753
 Momo Shop,1754
 Momoz,1755
 MonetS Bistro,1756
 Monkey Bar,1757
 Monsoon  The Park Bangalore,1758
 Mooch Marod,1759
 Mood For Food,1760
 Moolehatti Donne Biryani Mane,1761
 Moonlight Kitchens,1762
 More Pizza,1763
 More Than Chocolates,1764
 Moriz Restaurant,1765
 Mota Bawarchi,1766
 MotherS Food,1767
 MotherS Kitchen,1768
 MotherS Meal,1769
 MotherS Rasoi,1770
 Mothi Restaurant,1771
 Moti Mahal Delux,1772
 Motis Kitchen,1773
 Moto Store  Cafe,1774
 Mountain Spice,1775
 Mouthfull Of Cake,1776
 Mr Beans  Home Cafe,1777
 Mr Manchurian,1778
 Mr Singh Da Dhaba,1779
 Mtr 1924,1780
 Mudde Madappa Mess,1781
 Mudpipe Cafe,1782
 Mug N Bean,1783
 Mugful Of Stories,1784
 Mughal Restaurant,1785
 Mughal Treat,1786
 Mughlai Azam,1787
 Mugs N Burgers,1788
 Mukati Kitchen,1789
 Multi Cakes,1790
 MumS Kitchen,1791
 Mumbai Bistro,1792
 Mumbai Kulfi,1793
 Mumbai Spice,1794
 Mumbai Xpress,1795
 Mummy Dhaba,1796
 Munchies,1797
 Murli,1798
 MurphyS Brewhouse  The Paul Bangalore,1799
 Mustard Cafe,1800
 Mustard Food Court,1801
 MuthashyS,1802
 My Place  Gokulam Grand Hotel  Spa,1803
 My Tea House,1804
 Mynt  The Taj West End,1805
 Mynutrikitchen,1806
 Mystique Palate,1807
 Myu Bar At GillyS Redefined,1808
 NaachiyarS,1809
 Naati Manae,1810
 NagaS,1811
 Nagarjuna,1812
 Nagarjuna Chimney,1813
 Nagas,1814
 NagashreeS,1815
 Nainital North Indian Restaurant,1816
 NakkalaS Food Hunt,1817
 Nakkshatra,1818
 Nalaas Aapakadai,1819
 Namak Swad Anusaar,1820
 Namana Garden,1821
 Namaste Kitchen,1822
 NamdhariS Salad Bar,1823
 Namma Kudla,1824
 Namma Madurai,1825
 NandaS,1826
 Nandhana Palace,1827
 Nandhini,1828
 Nandhini Deluxe,1829
 Nandhini Paradise,1830
 Nandighosha,1831
 NandoS,1832
 Nanna Munna Paratha House,1833
 Napoli Italian Bistro,1834
 NarmadhaS Hyderabad Biriyani,1835
 Nashta Pani The GujaratS Special,1836
 Nasi And Mee,1837
 Natuna Seafood House,1838
 Natural Ice Cream,1839
 NatureS Nectar,1840
 NavabS,1841
 Navami,1842
 Navrang Kabab Korner,1843
 Nayi Dilli By Anand Sweets,1844
 Nellore Bhojanam,1845
 Nesara Mullti  Cuisine Family Dining  Garden,1846
 Nevermind  Bar  Social,1847
 New Agarwal Bhavan,1848
 New Andhra Chimney,1849
 New Andhra House,1850
 New Biriyani Darbar,1851
 New Biryani Mane,1852
 New Delicacy,1853
 New Farm Fresh,1854
 New Food Magic,1855
 New Friends,1856
 New Gongura Grand,1857
 New Hilal Restaurant,1858
 New Kabab Plaza,1859
 New Kairali Restaurant,1860
 New KhaayaalS Restaurant,1861
 New Krishna Bhavan,1862
 New Leaf Restaurant,1863
 New Modern Hotel,1864
 New Oottupura Restaurant,1865
 New Paratha Corner,1866
 New Peking,1867
 New Prashanth Hotel,1868
 New Punjabi Dhaba,1869
 New Punjabi Food Corner,1870
 New Punjabi Hotel,1871
 New Punjabi Tasty Khana,1872
 New Royal Treat,1873
 New Sagar Fast Food,1874
 New Salem Spices,1875
 New Samrat Restaurant,1876
 New Shanthi Sagar,1877
 New Sunrise Restaurants,1878
 New Tandoor,1879
 New Tandoori Point,1880
 New Tasty Cafeteria,1881
 New Udupi Delicacy,1882
 New Udupi Park Deluxe,1883
 New Udupi Upahara,1884
 Nh1,1885
 Nh8,1886
 Night Bell,1887
 Night Food Joint,1888
 Night Panda,1889
 Night Spoon,1890
 Nightfork,1891
 Niice Cream,1892
 Nisarga,1893
 Nisarga Garden,1894
 Nite Out,1895
 NizaamS Kaati Rolls  Kebabs,1896
 NizamS Biryani House,1897
 No 10 Fort Cochin,1898
 No More Hungry,1899
 Noibidya,1900
 Nolimmits Lounge And Club,1901
 Nomadic Tandoor,1902
 Noodle Bar,1903
 Noodle Panda,1904
 Noodles,1905
 Nook  Aloft Bengaluru Cessna Business Park,1906
 NoonS,1907
 North Indian Bhukkads,1908
 North Wale Restaurant,1909
 NorthamS PizzaPita,1910
 Northern Gate Gateway Hotel,1911
 Northern Route,1912
 Northwind,1913
 Nossa Goa,1914
 Not Just Parathas,1915
 Not Just Waffles,1916
 Nourich,1917
 Nouvelle Garden,1918
 NuTree,1919
 Nukkad,1920
 Nutri Rich,1921
 Nuts Over Salads Cafe,1922
 Nutty Squirrel,1923
 Ny Pizza  Waffles,1924
 Nys Kitchen,1925
 OG Variar  Sons,1926
 Oakleaf,1927
 Occasions,1928
 Ocea Hotel,1929
 Ocean,1930
 Odisha Kitchen,1931
 Odisha Platter,1932
 Odissi Restaurant,1933
 Off D Hook,1934
 Office Lunch Box,1935
 Oh Calcutta,1936
 Oh My Biryani,1937
 Oh So Stoned,1938
 Oki,1939
 Oko  The Lalit Ashok Bangalore,1940
 Old Mumbai Ice Cream,1941
 Oldtown Dilli,1942
 Olive  Era,1943
 Olive Bar And Kitchen,1944
 Olive Garden,1945
 OliverS Pub  Diner,1946
 Om Made Cafe,1947
 Om Nom Thai,1948
 On The Nose,1949
 Once Upon A Flame,1950
 Once Upon A Rooftop,1951
 One Atria Cafe,1952
 One Chu Restaurant,1953
 One For The Road,1954
 One In A Melon,1955
 Onesta,1956
 Oogway Express,1957
 Ooh La La,1958
 Oota Bangalore,1959
 Ootada Mane,1960
 Oottupura,1961
 Oottupura Family Restaurant,1962
 Opus Club,1963
 Opus Food Stories,1964
 Orbis Restaurant,1965
 Oregano Pizzeria,1966
 Oregano Soul Food,1967
 Orzuv,1968
 Ottimo  Itc Gardenia,1969
 Output Bengaluru,1970
 Ovenstory Pizza,1971
 Oventreats  PatisserieBistro,1972
 Over The Top Terrace Lounge,1973
 OwlS Kitchen,1974
 Oye Amritsar,1975
 Oye Hoye,1976
 PabloS Gastrobar,1977
 PabraiS Fresh  Naturelle Icecreams,1978
 PabraiS Fresh And Naturelle Icecreams,1979
 Pagalkhana,1980
 Pai Vihar,1981
 Paisa Vasool,1982
 Pait Full,1983
 Pakwan,1984
 Palki Restaurant,1985
 PalkiS,1986
 Pallavi North Indian Veg Restaurant,1987
 Pallavi Restaurant,1988
 Palmgrove,1989
 Panchami Garden,1990
 Panchavati Gaurav Thali,1991
 Pancuzzi,1992
 Panda Boy,1993
 Pani Kum Chai,1994
 PapannaS Biriyani,1995
 Pappu Chaiwalla,1996
 Pappu Da Dhaba,1997
 Paprica,1998
 Paradise,1999
 Paradox RestOCafe,2000
 Parampara  The Veg Kitchen,2001
 Paranthas And Dosas,2002
 Paratha Junction,2003
 Paratha Plaza,2004
 Paratha Singh,2005
 Parathabox,2006
 Parathe Wali Gali,2007
 Parika Multicuisine  Coastal Fine Dine,2008
 Parika Multicuisine Restaurant,2009
 Parisar Veg Restaurant,2010
 Parivar,2011
 Park View Restaurant,2012
 Parkview,2013
 Parrattha Ssinghh,2014
 Pashto,2015
 Pasta Factory,2016
 Pasta Street,2017
 Pathaan Sir,2018
 Patiala Lassi,2019
 Patio  The Resto Cafe,2020
 Patio 805,2021
 Patisserie Nitash,2022
 Patville,2023
 PaulS Dum Biryani,2024
 Pavilion Restaurant,2025
 Pavithra Restaurant,2026
 Pavitra Paradise,2027
 Pazzo,2028
 Peace Restaurant,2029
 Peacock,2030
 Pebble,2031
 Pecos Classic,2032
 Pecos Hideout,2033
 Pecos Mojo,2034
 Pecos Stones,2035
 Penthouse Cafe,2036
 People Tree Cafe,2037
 Peppa Zzing,2038
 Peppermill Bistro,2039
 Pepperwood,2040
 Peppy Peppers,2041
 Petoo,2042
 Petuk,2043
 Phew Play Hard Eat Wild,2044
 Phobidden Fruit,2045
 Phulke Ghar Ke,2046
 Pimento,2047
 Pin Me Down,2048
 Pind Balluchi,2049
 Pingara,2050
 Pinxx  Royal Orchid Central,2051
 Pipabu,2052
 Pizza Cart,2053
 Pizza Hut,2054
 Pizza Mane,2055
 Pizza Republic,2056
 Pizza Stop,2057
 Plan B,2058
 Plantain Leaf,2059
 Plated,2060
 Podi Idly,2061
 Poha On Wheels,2062
 PolammaS Mess,2063
 Polar Bear,2064
 Polo Club  The Oberoi,2065
 Pooja Dosa Camp,2066
 Poonam Sweets,2067
 Poorvika Restro Cafe,2068
 Pop Hop,2069
 Popsies,2070
 Popular Burger,2071
 Portland Steakhouse  Cafe,2072
 Pot Biryani,2073
 PotONoodles,2074
 Potato Bae,2075
 Potful,2076
 Pout,2077
 Prajwal The Restaurant,2078
 Pramukh Family Restaurant,2079
 Prana,2080
 Prashant Naati Corner,2081
 Prasiddhi Food Corner,2082
 Prems Graama Bhojanam,2083
 PreritS Food Factory,2084
 Priyadarshini Grand,2085
 Priyadarshini Veg,2086
 Prost Brew Pub,2087
 Protein Grillhouse,2088
 PsvS Andhra Paradise,2089
 Public  The Rooftop Bar And Kitchen,2090
 Puchkas,2091
 Puff Cafe,2092
 Pulimunchi,2093
 Puliyogare Point,2094
 Punjab Bistro,2095
 Punjab Di Shaan,2096
 Punjab Grill,2097
 Punjab Mail,2098
 Punjabi By Nature 20,2099
 Punjabi Chulha,2100
 Punjabi Corner,2101
 Punjabi Daawat,2102
 Punjabi Dawat,2103
 Punjabi Dhaba,2104
 Punjabi Food Corner,2105
 Punjabi Food Point,2106
 Punjabi Khazana,2107
 Punjabi Kitchen,2108
 Punjabi Nawabi,2109
 Punjabi Nukkad Pure Veg,2110
 Punjabi Raswada,2111
 Punjabi Restaurant,2112
 Punjabi Swag,2113
 Punjabi Tadka,2114
 Punjabi Tandoor,2115
 Punjabi Tasty Khana,2116
 Punjabi Times,2117
 Punjabi Twist,2118
 PunjabiS Food Corner,2119
 Puran Da Dhaba  The Pride Hotel,2120
 Purani Dehli,2121
 Purani Dilli By Anand Sweets,2122
 Pure  Natural,2123
 Pure Punjabi,2124
 Purnabramha Maharashtrian Restaurant,2125
 PurplebasilIn,2126
 Qissa Khawani,2127
 Qube Cafe,2128
 Queens,2129
 Quench Bar,2130
 QuickieS,2131
 R Bar  Renaissance Hotel Bengaluru,2132
 Raaga,2133
 Raapchick,2134
 Raat Ki Rani,2135
 Radha Rani,2136
 Raenss Cafe,2137
 Rafoo Chakkar,2138
 Raghavendra Tiffin,2139
 RagooS,2140
 RagooS Kitchen,2141
 Rags On Fire,2142
 Rahhams,2143
 Raichur Biryani House,2144
 Raidan Restaurant,2145
 Raj Darbar,2146
 RajanS Cafe,2147
 Rajanna Military Hotel,2148
 Rajasthani Charbhuja Restaurant,2149
 Rajathadri Food Fort,2150
 Rajdhani Thali Restaurant,2151
 Rajesh Restaurant,2152
 Rajvardhan Foods,2153
 RamanaS,2154
 Ramji Chaiwale,2155
 Rang De Basanthi,2156
 Ranganna Military Hotel,2157
 Rangla Punjab,2158
 Rannaghar,2159
 Rara Avis,2160
 Rashtrakutas,2161
 Rasoi,2162
 Rasovara,2163
 Rawstraw,2164
 Rayalaseema Chefs,2165
 Rayalaseema Spice,2166
 ReCess  Hilton Bangalore Embassy Golflinks,2167
 Readybowl,2168
 Real Fresh Dosa Corner,2169
 Recipe,2170
 Red Chilliez,2171
 Red Kitchen,2172
 Red Lantern,2173
 Red Onion,2174
 Red Rhino,2175
 Red Stone Kitchen,2176
 Redberrys,2177
 ReddyS Restaurant,2178
 Refresh,2179
 Refresh Juice Junction,2180
 Refuel,2181
 Regency Park,2182
 Regulars Pub  Grub,2183
 Rejoice The Taste Of Indore,2184
 Rekha Restaurant,2185
 Republic Of Noodles  Lemon Tree Hotel,2186
 Republic Of Noodles  Lemon Tree Premier,2187
 Rescafe,2188
 Retreat Restaurant,2189
 Retro Lounge Bar,2190
 Rice And Rolls,2191
 Richie Rich,2192
 Rigan Hyderabadi Bawarchi,2193
 Rim Naam  The Oberoi,2194
 Risalo Pizzeria,2195
 RishiS Paratha Plaza,2196
 RithikaS Kitchen,2197
 RitomiS Lov,2198
 Ritz,2199
 Rivayat,2200
 Riwaz  The RitzCarlton,2201
 Roadhouse Grill,2202
 Rock Stone Ice Cream Factory,2203
 Rocksalt,2204
 Roll Er Dokaan,2205
 Roll N Rock,2206
 Roll Over,2207
 Rolla Rappa,2208
 Rollin,2209
 Rolling Waffles,2210
 Rolls  Bowls,2211
 Rolls  Co,2212
 Rolls Mania,2213
 Rolls On Wheels,2214
 Rolls Plaza,2215
 Rooftop Cafe,2216
 Roomali,2217
 Roots,2218
 Roti Ghar,2219
 Roti Ghar Ki,2220
 Roti Shotti,2221
 Roti Wala,2222
 Roundup Cafe,2223
 Roving Feast,2224
 Roy Hotel  Restaurant,2225
 Royal Afghan  Itc Windsor,2226
 Royal Bengal Corner,2227
 Royal Biriyani House,2228
 Royal Biryani Kitchen,2229
 Royal Calcutta Restaurant,2230
 Royal Chef Naati Oota,2231
 Royal Paris,2232
 Royal Treat,2233
 Rr Catering,2234
 Rroyal Rajasthan,2235
 Rs Shiv Sagar,2236
 Rs Shiv Sagar Express,2237
 Ruchi Sagar,2238
 Ruchis Point,2239
 Ruh,2240
 RuhS Cafe,2241
 Ruposhi Bangla,2242
 Rural Blues,2243
 Rusbury Fresh Sweets And Savouries,2244
 Russh Gastropub,2245
 Rustic Stove,2246
 SWAT Food Truck,2247
 Saahib,2248
 SaaraS Cafe  Ss Lumina Hotel,2249
 SaaraS Grill N Spice  Ss Lumina Hotel,2250
 Saarangi Fine Dining,2251
 Saatvikk,2252
 Sabari Juice Junction,2253
 SadiS Biriyani,2254
 Safe House,2255
 Saffron  Radisson Blu,2256
 Saffron Vegetarian Cuisine,2257
 Sagar,2258
 Sagar Chats,2259
 Sagar Delicacy,2260
 Sagar Deluxe,2261
 Sagar Fast Food,2262
 Sagar Hotel,2263
 Saha Chowmein,2264
 Sai Abhiruchi,2265
 Sai Foods,2266
 Sai Santhi Cafe,2267
 Sai Shakti,2268
 Sakae Japanese Restaurant,2269
 Salaam Sigri Rolls  Kebabs,2270
 Salem Kitchen,2271
 Salt  Indian Restaurant  Bar  Grill,2272
 Salt  Indian Restaurant Bar  Grill,2273
 Salt Mango Tree,2274
 Salt N Pepper,2275
 Salut,2276
 Salvadores,2277
 Samaikya,2278
 Samarkand,2279
 Samosa Party,2280
 Samosa Singh,2281
 Samovar,2282
 Samrat Restaurant,2283
 Samskruti  Sanman Gardenia,2284
 San Churro Cafe,2285
 Sanadige  Goldfinch Hotel,2286
 Sanchez,2287
 Sanchez Taqueria  Cantina,2288
 Sandesh Sweets  Chats,2289
 Sandwich MamaS And Frozen Monster,2290
 Sandwichwallas,2291
 Sangam Mess,2292
 Sangam Restaurant,2293
 Sangam Sweets,2294
 Sangria Wine Lounge,2295
 Sanjeevini Veg,2296
 Sanjha Chulha,2297
 Sankranthi Veg Restaurant,2298
 SankyS Burger House,2299
 Sanman,2300
 Sannidhi Grand,2301
 Sant Spa Cuisine,2302
 SantoS,2303
 Sardarji Ka Dhaba,2304
 Sardarji Londonwaley,2305
 Sarjapur Social,2306
 Sarvam,2307
 SarvamS,2308
 Sasu Maa Ki Rasoi,2309
 Satakarni,2310
 SathyaS,2311
 Satkar Restaurant,2312
 Satrangi,2313
 Sattvam,2314
 Savitha Family Restaurant,2315
 SavjiS Roll N Biryani,2316
 Savoury  Sea Shell Restaurant,2317
 Savoury Restaurant,2318
 Sbarro,2319
 Scottish Pub,2320
 Sea Lions Bbq  Grills,2321
 Sea Rock,2322
 Sea Route,2323
 Sea Spice By 7 Star,2324
 Seafood Place,2325
 Season  Adarsh Hamilton,2326
 Seasons,2327
 Second Wife Cafe,2328
 Sector 7 Cafe,2329
 Sendhoor Coffee,2330
 Serranos Mexican Grill,2331
 Sethji Home Made Food,2332
 Sgs Non Veg  Gundu Pulav,2333
 Shaadi Ki Biryani,2334
 ShaanEPunjab,2335
 Shaap,2336
 Shagun Sweets  Foods,2337
 Shahi Hyderabadi Dum Biryani,2338
 Shake It Off,2339
 Shaken  Stirred,2340
 Shakes Theory,2341
 Shakesbierre,2342
 Shalimar,2343
 ShanEPunjabi Express,2344
 Shandong,2345
 Shang Palace  ShangriLa Hotel,2346
 Shanghai Bistro,2347
 Shanghai Court,2348
 Shanmukha,2349
 Shanthi Sagar,2350
 Shanthi Sagar Deluxe,2351
 Sharaab Factory,2352
 Sharief Bhai,2353
 SharmaS Malai  Masala,2354
 She Brews,2355
 Shebestan  Sterlings Mac Hotel,2356
 Sheesh Kebab,2357
 SherEPunjab,2358
 SherlockS Pub,2359
 ShettyS Kitchen,2360
 Shezan,2361
 Shift,2362
 Shiro,2363
 Shiv Sagar,2364
 Shiv Shakthi,2365
 Shivaji Military Hotel,2366
 Shizusan Shophouse  Bar,2367
 Shree Khana Khazana,2368
 Shree Mahalakshmi Sweets,2369
 Shree Mithai,2370
 Shree Muthahalli Veg,2371
 Shree Thali,2372
 Shree Venkateshwara North Karnataka Hotel,2373
 Shreedevi,2374
 Shri Krishna Bhavan,2375
 Shri Madhuram,2376
 Shri Ram Sweet Centre,2377
 Shri Vishnu Grand,2378
 Shubh Sweets,2379
 Shuchi Ruchi,2380
 Shuddh Desi Khana,2381
 Shudh,2382
 Shyvan Restaurant,2383
 Sichuan,2384
 Siddappa Hotel,2385
 Siddharth Restaurant,2386
 Siddiqu Kabab Center,2387
 Siddique Kabab Centre,2388
 Sidewalk  The Garden Bar,2389
 Sidewalk Cafe  Bar  The Paul Bangalore,2390
 Sidewalk Cafe  NaharS Heritage Hotel,2391
 Sigree Global Grill,2392
 Sikori,2393
 Sila Restaurant,2394
 Silbatti,2395
 Silsila,2396
 Simhapuri Kitchen,2397
 Simon Says Brew Works,2398
 Simply Indian,2399
 Sindh Kitchen,2400
 Singh Saab,2401
 Sintales,2402
 Sip N Dine,2403
 Sitara Veg Restaurant,2404
 Sixth Avenue Cafe And Patisserie,2405
 Sizzling Pasto,2406
 Sizzling Szechuan,2407
 Skoolroom,2408
 Sky Lounge Bar  Svenska Design Hotel,2409
 Skydeck By SherlockS,2410
 Skyline Pizzeria,2411
 Skylit  Citrus Hotels,2412
 Skytouch Le Cafe,2413
 Skyye,2414
 Sl Vadapav,2415
 Slanz Cafe,2416
 Slate Cafe,2417
 Slimsins Cafe,2418
 Sloshed,2419
 Slounge  Lemon Tree Hotel,2420
 Slounge  Lemon Tree Premier,2421
 Slv Corner Restaurant,2422
 Slv Refreshment,2423
 Slv Restaurant,2424
 Slv Swadishta,2425
 Sly Granny  The Community House,2426
 Smaaash,2427
 Smacznego,2428
 SmallyS Resto Cafe,2429
 Smise,2430
 Smoke  The Sizzler House,2431
 Smoke House Deli,2432
 SmokeAPot,2433
 Smokey Tribe Restaurant,2434
 Smoor,2435
 Snacks Joint,2436
 Snakk That,2437
 Snow Lion Tibet Kitchen,2438
 SnowOra,2439
 SoFatS Dosas,2440
 Soda Bottle Opener Wala,2441
 Soho Bar  Grill,2442
 Somilan Steak House,2443
 Sonar Bangala,2444
 Soo Ra Sang,2445
 Sorse,2446
 Sotally Tober,2447
 Soul Cafe,2448
 Soul City,2449
 Soul Indian Specialty  Svenska Design Hotel,2450
 Soul Treat,2451
 SoupErmanz Kitchen,2452
 South Grand,2453
 South House,2454
 South Idlis,2455
 South Kitchen,2456
 South Parade  The Chancery Hotel,2457
 South Ruchis,2458
 South Ruchis Square,2459
 South Spicy Bites,2460
 South Tiffins,2461
 Southern Spice,2462
 Southindies,2463
 Southinn,2464
 Spice Affair,2465
 Spice Boulevard,2466
 Spice Code,2467
 Spice Cove  IV Sanctum,2468
 Spice Darbar,2469
 Spice Elephant,2470
 Spice Garden By Dum Mast Biryani,2471
 Spice It,2472
 Spice It  Ibis Hotel,2473
 Spice Kitchen,2474
 Spice Of Andhra,2475
 Spice Of Kolkata,2476
 Spice Terrace  Jw Marriott,2477
 Spice Up,2478
 Spicy Corner,2479
 Spicy House,2480
 Spicy Kitchen,2481
 Spoonful Of Sugar,2482
 Spotlight  The Golden Tulip,2483
 Squeez Juice Bar,2484
 Sr Andhra Spicy House,2485
 Sree Krishna Kafe,2486
 Sree Spicy Hub,2487
 Sreeraj Lassi Bar,2488
 Sri Bhagya Grand,2489
 Sri Dalma,2490
 Sri Devi BakerS,2491
 Sri Devi Sagar,2492
 Sri Durga Nellore Mess,2493
 Sri Ganesh Juice Junction,2494
 Sri Guru Kottureshwara Davangere Benne Dosa,2495
 Sri Krishna Bhavan Sweets,2496
 Sri Krishna Sagar,2497
 Sri Lakshmi Dhaba,2498
 Sri Laxmi Venkateshwara Coffee Bar,2499
 Sri Pillaiyar Bhavan,2500
 Sri Ruchi Restuarant,2501
 Sri Sai Mango Tree Restaurant,2502
 Sri Sai Palace,2503
 Sri Sai RamS,2504
 Sri SairamS Chats And Juice,2505
 Sri Saravana Bhavan,2506
 Sri Udupi Food Hub,2507
 Sri Udupi Park,2508
 Sri Venkateshwara Sweet Meat Stall,2509
 Sri Vishnu Grand,2510
 Sri Vishnu Park,2511
 Sri Vishnupriya,2512
 Srikrishna Bhavan,2513
 SrinathjiS,2514
 SrinathjiS Cafe,2515
 Srinidhi Sagar,2516
 Srinidhi Sagar Deluxe,2517
 Srinidhi Sagar Food Line,2518
 Srinidhi Upachar,2519
 Srinidhi Veg Food Court,2520
 Sriracha,2521
 Ss Bucket Biryani,2522
 Ssaffron  ShangriLa Hotel,2523
 Starbucks,2524
 Stars N Stripes,2525
 Status,2526
 Steaming Mugs,2527
 Step Right Up,2528
 StevieS,2529
 Stir Fry,2530
 Stoked,2531
 Stoned Monkey,2532
 Stonelicious,2533
 Stoner,2534
 Stories,2535
 Strawbees,2536
 Strikers Sports Bar And Music,2537
 Stuffd,2538
 Subway,2539
 Subz,2540
 Suchithra Biryani House,2541
 Sufra Restaurant,2542
 Sugar  Spice  Taj Mg Road Bengaluru,2543
 Sugarberryz Cakery,2544
 Sukh Sagar,2545
 Sukh Sagar Express,2546
 Sukh Sagar Food Court,2547
 Sulemani Chichas,2548
 Sultans Of Spice,2549
 Sunehri,2550
 Sunny Cafe  Kitchen,2551
 Sunny Side Bistro,2552
 SunnyS,2553
 Surya Refreshments,2554
 Suryawanshi,2555
 Sutra  The Lalit Ashok Bangalore,2556
 Suvarna Sree Food Paradise,2557
 Swaadishta Restaurant,2558
 Swad,2559
 Swad E Punjab,2560
 Swad Punjab Da,2561
 Swad Restaurant,2562
 Swadesh Tadka,2563
 Swadista Aahar,2564
 Swasthi Spice Restaurant,2565
 Swathi,2566
 Swathi Deluxe,2567
 Swathi Deluxe Restaurant,2568
 Swathi Greenland,2569
 Swathi Maharaja,2570
 Swathi Spice N Ice,2571
 Sweet Chariot,2572
 Sweet Chariot Cafe,2573
 Sweet Truth,2574
 Swing,2575
 Szechuan Dragon,2576
 Szechwan Court  The Oberoi,2577
 T3H Cafe,2578
 TaAam,2579
 Taaza Mithai,2580
 Taaza Thindi,2581
 Tab  Take A Break,2582
 Taco Bell,2583
 Tadkawala,2584
 Taiki,2585
 Taipan,2586
 Taishty,2587
 TaiyvanS,2588
 Taj Darbar,2589
 Taj Durbar,2590
 Taj Hotel,2591
 Taj Restaurant,2592
 Talk Over Table,2593
 Talk Over Table Cafe,2594
 Tall Blonde French,2595
 Tamarind,2596
 Tamarind  Tamarind Hospitality,2597
 Tandoor,2598
 Tandoor And Spice,2599
 Tandoor Box,2600
 Tandoor Garden,2601
 Tandoor Hut,2602
 TandoorDeNaal,2603
 Tandoori Chowk,2604
 Tandoori Junction,2605
 Tandoori Knight,2606
 Tandoori Taal,2607
 Tangerine  Davanam Sarovar Portico Suites,2608
 Tango,2609
 Tap House Resto Bar,2610
 Tapout Tavern,2611
 Tapri By The Corner,2612
 Tarbouche,2613
 TargaryenS Kitchen,2614
 Taste Of India Family Restaurant,2615
 Taste Of Kerala,2616
 Taste Of Nawaabs,2617
 Taste Of Tibet,2618
 Tasting Room  Bengaluru Oota Company,2619
 Tasty Bites,2620
 Tasty Bytes,2621
 Tasty Magic,2622
 Tasty Treat,2623
 TastybitesCom,2624
 Tata Cha,2625
 Tattva Cafe,2626
 Tawa Ghar Ka,2627
 Tawa Sagara,2628
 Tawa Tandoor,2629
 Tayabbs,2630
 Taza Tawa,2631
 Tbc  The Breakfast Company,2632
 Tbc Sky Lounge,2633
 Tea Addict,2634
 Tea Brew,2635
 Tea Journey,2636
 Tea Villa Cafe,2637
 Teapoy Mutiny,2638
 Tease Whitefield,2639
 Teburu,2640
 Techies Kitchen,2641
 Tella Tales,2642
 Temple Meals,2643
 Tempteys,2644
 Tempura Restaurant,2645
 Tenzin Kitchen,2646
 Teppan Japanese Grill  Sushi Bar,2647
 Terra Bites,2648
 Terracotta Whitefield,2649
 Tetto,2650
 Tewari Bros Mithai Shoppie,2651
 Tgi Fridays,2652
 Thai Chy,2653
 Thai House,2654
 Thalassery Restaurant,2655
 Thamboola,2656
 ThancoS Natural Ice Cream,2657
 ThancoS Natural Ice Creams,2658
 Thanima Garden Restaurant,2659
 Tharavadu,2660
 That Garage Cafe,2661
 The 13Th Floor,2662
 The 90S Hash House,2663
 The Airos,2664
 The Alphaa,2665
 The Ants Cafe  Store,2666
 The Arabesque Cafe,2667
 The Asian Curry House,2668
 The Bahubali,2669
 The Bangalore Cafe,2670
 The Bar Stock Exchange,2671
 The Barn  Bar  Kitchen,2672
 The Bawarchi,2673
 The Beer Cafe,2674
 The Bel St,2675
 The Belgian Waffle Co,2676
 The Bengaluru Brasserie  Hyatt Centric Mg Road,2677
 The Bier Library,2678
 The Biere Club,2679
 The Big Barbeque,2680
 The Big Bellyz,2681
 The Biriyani Pedia,2682
 The Biryani Cafe,2683
 The Biryani Story,2684
 The Biryanis,2685
 The Black Pearl,2686
 The Black Rabbit,2687
 The Blackboard Bakery,2688
 The Blue Wagon  Kitchen,2689
 The Bong Palate,2690
 The Boozy Griffin,2691
 The Breakfast Club,2692
 The Breakfast Truck,2693
 The Brekkie Shop,2694
 The Brewing Bean,2695
 The Bundle Co,2696
 The Caramelts Cafe,2697
 The Chaat Shop,2698
 The Chameleon,2699
 The Charcoal Factory,2700
 The Chariot,2701
 The Cheesecake Corner,2702
 The ChefS Kitchen,2703
 The Chennai Express,2704
 The Chervil,2705
 The Chocolate Heaven,2706
 The Chocolate Heaven  Cakes,2707
 The Chocolate Room,2708
 The Coastal Crew By Fujian On 24Th,2709
 The Coffee Bean  Tea Leaf,2710
 The Coffee Shack,2711
 The Colony Gastropub,2712
 The Coorg Food Co,2713
 The Courtyard,2714
 The Creek  The Den Bengaluru,2715
 The Culinarium,2716
 The Curry Hut Plus,2717
 The Daily,2718
 The Deagh,2719
 The DennyS,2720
 The Dhaba,2721
 The Diner,2722
 The Dining Table  Sahar Pavillion,2723
 The Donut Baker,2724
 The Druid Garden,2725
 The Early Bell,2726
 The Eatery  Four Points By Sheraton Bengaluru,2727
 The Eatery Cafe  Restaurant,2728
 The Egg Factory,2729
 The Elaichi Restaurant,2730
 The Fat Chef,2731
 The Fatty Bao  Asian Gastro Bar,2732
 The Filter Coffee,2733
 The FishermanS Wharf,2734
 The Fixx,2735
 The Flying Cup,2736
 The Food Dude,2737
 The Foodyz,2738
 The French Loaf,2739
 The Ganache Factory,2740
 The Globe Grub,2741
 The Gluten Free Baking Co,2742
 The Good Bowl,2743
 The Good Grain,2744
 The Green Path  Forgotten Food,2745
 The Grill House,2746
 The Grilled  Fried,2747
 The Grub Central,2748
 The Hidden Cafe,2749
 The Hidden Home,2750
 The Higher Taste,2751
 The Higher Taste Stores,2752
 The Himalayan,2753
 The Hole In The Wall Cafe,2754
 The House Of Paratha,2755
 The Hub  Ibis Hotel,2756
 The Hub  The Bar  Hotel Ramada Encore,2757
 The Humming Tree,2758
 The Hunger Room,2759
 The Hungry Shark Cafe,2760
 The Hungry Yeti,2761
 The Irish House,2762
 The J,2763
 The Jade Kitchen,2764
 The Juice Shop  Juicery And Kitchen,2765
 The Kabab Studio  Goldfinch Hotel,2766
 The Kebab House,2767
 The Kebab Room  Restaurant  Brewery,2768
 The Kim Chi Chef,2769
 The Konkan  Seafood Restaurant,2770
 The Kream Story,2771
 The Krishna Grand,2772
 The Krishna Grand Xpress,2773
 The Lantern Restaurant  Bar  The RitzCarlton,2774
 The Lassi Park,2775
 The Leela Cake Shop  The Leela Palace,2776
 The Light House Restaurant,2777
 The Litti Company,2778
 The Little Chef,2779
 The Lobby Lounge  ShangriLa Hotel,2780
 The Local,2781
 The Local  Burger Bar,2782
 The Local  Terrace Drinkery,2783
 The London Curry House  The Royale Senate Hotel,2784
 The London Shakes,2785
 The Lounge  Eden Park Restaurants,2786
 The Mad Teapot,2787
 The Mangalorean,2788
 The Marash,2789
 The Marina,2790
 The Market  The RitzCarlton,2791
 The Meal Story,2792
 The Mint Resto Bar,2793
 The MughalS,2794
 The Mylapore Cafe,2795
 The Nosh House,2796
 The Old Fashioned Bar,2797
 The Only Place,2798
 The Onyx  The Hhi Select Bengaluru,2799
 The Open Box,2800
 The Orchard,2801
 The Oriental Spice  Ashraya Hotel,2802
 The Original Bistro,2803
 The Pallet,2804
 The Pancake Story,2805
 The Paramount Hotel,2806
 The Paratha Company,2807
 The Park East 01,2808
 The Permit Room,2809
 The Persian Terrace  Sheraton Grand Bangalore Hotel,2810
 The Pizza Bakery,2811
 The Pizzeria,2812
 The Pump House,2813
 The Punjabi Bites,2814
 The Punjabi Park,2815
 The Punjabi Rasoi,2816
 The Purple Pan,2817
 The Raj Pavilion  Itc Windsor,2818
 The Rasaganga,2819
 The Rasoiya Street,2820
 The Red Lantern,2821
 The Rendezvous,2822
 The Reservoire,2823
 The Restaurant  Coorg,2824
 The Rice Bowl,2825
 The Rig,2826
 The RitzCarlton Bar  The RitzCarlton,2827
 The Roastery,2828
 The Rogue Elephant,2829
 The Rolling Pin,2830
 The Royal Corner  Pai Viceroy,2831
 The Salad Studio,2832
 The Salt Grill  Hilton Bangalore Embassy Golflinks,2833
 The Sanctuary,2834
 The Sandwich Club,2835
 The Second Wife,2836
 The Shawarma Inc,2837
 The Shawarma Shop,2838
 The Sky Lounge  Tamarind Hospitality,2839
 The Smoke Co,2840
 The Sofraah Kebabs  Kurries  Eden Park Restaurants,2841
 The Souk,2842
 The Spice Bazaar,2843
 The Spice Pavillion,2844
 The Spice Saga,2845
 The Square  Novotel,2846
 The Square Table,2847
 The Studio Bar,2848
 The Sugar Factory  Le Meridien,2849
 The Sugar Fairy,2850
 The Sweet Spot,2851
 The Tandoori Chai,2852
 The Tao Terraces,2853
 The Teal Door Cafe,2854
 The Terminus  The Oterra,2855
 The Terrace At GillyS Redefined,2856
 The Terrace At Windmills Craftworks,2857
 The Thickshake Factory,2858
 The Tower Of Pizza,2859
 The Trundle,2860
 The Underpass Pub  Grub,2861
 The Urban Roof,2862
 The VacationerS Cafe,2863
 The Vape,2864
 The Vintage Cafe,2865
 The Waffcake Legacy,2866
 The Waffle Press,2867
 The Waffle Street,2868
 The Waffle Yard,2869
 The Waffles Hut,2870
 The White Room  Coffee  Kitchen,2871
 The Whitefield Arms Pub  Microbrewery,2872
 The Wicked Cup,2873
 The Wok,2874
 The Wok Shop,2875
 The Yellow Chilli,2876
 The Yellow Submarine,2877
 The Yogisthaan Cafe,2878
 Therpup  A Dog Cafe,2879
 Third Wave Coffee Roasters,2880
 Thiruvithamkoor Restaurant,2881
 This Cafe Has No Name Cafe,2882
 ThomS Bakery,2883
 Thran,2884
 Three Dots  A Dash,2885
 Throwback  Pub  Dine,2886
 Thunder Fried Chicken,2887
 Thyme  Whisk,2888
 Tiamo  Conrad Bengaluru,2889
 Tibbs Frankie,2890
 Tibetan Kitchen,2891
 Tibetan MotherS Kitchen,2892
 Tiffin Room  Miraya Hotel  Residences,2893
 Tiffun,2894
 Tiger Trail  Ramada Hotel,2895
 Tiger Trail  Royal Orchid Hotel,2896
 Tilt Gastro Lounge,2897
 Tim Tai,2898
 Time Traveller  Sai Vishram,2899
 Timepass Dinner,2900
 Tippler,2901
 Tipsy Bull  The Bar Exchange,2902
 TiwariS,2903
 Tlp Cafe,2904
 Toast  Tonic,2905
 Toit,2906
 Toki Taco House,2907
 Tongue Twisters,2908
 Toscano,2909
 Toscano  Mojito Bar,2910
 TotaramS Paranthas,2911
 Treat,2912
 Treat Kitchen,2913
 Treat Restaurant,2914
 Treatley,2915
 Tree Top,2916
 Tree Tops Bar  Kitchen,2917
 Trick Or Treat,2918
 Trigereato,2919
 Troll,2920
 True Bleu Resto Cafe,2921
 Truffles,2922
 Truly Punjab,2923
 TukTuk,2924
 Tumbites,2925
 Tummy Fuel,2926
 Tunday Kababi,2927
 Twins,2928
 Twiststick House,2929
 Two Friends Cauldron,2930
 UP Dhaba,2931
 Uday Sweets,2932
 Udupi Aatithya,2933
 Udupi Bhavan,2934
 Udupi Delux,2935
 Udupi Gokul Cafe,2936
 Udupi Grand,2937
 Udupi Grand Veg,2938
 Udupi Palace,2939
 Udupi Ruchi,2940
 Udupi Sri Krishna Bhavan,2941
 Udupi Thaja Thindi,2942
 Udupi Upahara,2943
 Udupi Vaibhav,2944
 Ugadi,2945
 Ujwal Bar  Restaurant,2946
 Ujwal Restaurant,2947
 Ulavacharu,2948
 Under The Hood,2949
 Under The Tree,2950
 Unico,2951
 Unicorn Bar  Restaurant,2952
 Uno Chicago Bar  Grill,2953
 Upahar Sagar,2954
 Upahara Bhavan,2955
 Upahara Darshini,2956
 Uppercut  Sheraton Grand Bengaluru Whitefield Hotel,2957
 Upsouth,2958
 Uptown Sliders  Shakes,2959
 Urban Solace  Cafe For The Soul,2960
 Urban Spoon Buffet Restaurant,2961
 Urban Tamaasha,2962
 Us Pizza,2963
 Uthra,2964
 Utsav,2965
 Utse Kitchen,2966
 V B Bakery,2967
 Vaathsalya Millet Cafe,2968
 Vaho Kafe  Pressery,2969
 Vakulaa Veg Restaurant,2970
 Vanas,2971
 Vandana Andhra And Multi Cuisine,2972
 Vande Matharam,2973
 Vanilla Sky,2974
 Vapour Brewpub And Diner,2975
 Vapour Pub  Brewery,2976
 Varenyam,2977
 Vasudev AdigaS,2978
 Veena Stores,2979
 Veg By Nature,2980
 Vegan Heat,2981
 Vegtaurant,2982
 Vembanad  The Paul,2983
 Venad Kitchen,2984
 Venus Biryani,2985
 Vera Italiano,2986
 Veruthe Oru Thattukada,2987
 Vi RaS Bar And Restaurant,2988
 Via Milano,2989
 ViceroyS Sarathi,2990
 Victoria Terminus,2991
 Vidyarthi Bhavan,2992
 Vietnamese Kitchen,2993
 Vihar Family Restaurant,2994
 Vijaya Gardenia,2995
 Vijayalakshmi Veg,2996
 Village  The Soul Of India,2997
 Village Restaurant,2998
 Vinaya Cafe,2999
 Vinaya Coffee Moments,3000
 Vindu Andhra Ruchulu,3001
 VinnyS,3002
 Vintage Shack,3003
 Vishal Sweets  Restaurant,3004
 Vishnu Garden,3005
 Vishnu Sagar,3006
 Vitamin Palace,3007
 Vms Star Biriyani,3008
 Volga Restaurant,3009
 Vsv Chettinad,3010
 Vyanjan,3011
 Vybhava,3012
 W Xyz  Aloft Hotel,3013
 W Xyz Bar  Aloft Bengaluru Cessna Business Park,3014
 Waah Biryani,3015
 Waffle Head,3016
 Waffle Magic,3017
 Waffle Stories,3018
 Waffle Walle,3019
 WaffleAGo Go,3020
 Wafl,3021
 Wafl Cafe,3022
 Wafl Co,3023
 Wahab,3024
 Wakhra Swaad,3025
 Wall Street 657,3026
 Wamama,3027
 Wanderers,3028
 Wangs Kitchen,3029
 Wanley,3030
 Warm Oven,3031
 WatABurger,3032
 WatsonS,3033
 WazirS,3034
 Welcomcafe Jacaranda  Welcomhotel Bengaluru,3035
 West Wood,3036
 WhatS Cooking,3037
 WhatS In A Name,3038
 WhatSinapita,3039
 White Elefan Coffee And Snack Bar,3040
 White Horse,3041
 White Olives,3042
 White Plate,3043
 White Smoke Barbeque Fairfield By Marriott,3044
 Whitefield Baking Company  Bengaluru Marriott Hotel,3045
 Whitefield Bar And Grill  Bengaluru Marriott Hotel,3046
 Whitefield Social,3047
 Willys Top Cafe,3048
 Windmills Craftworks,3049
 Windy Taste Of Home,3050
 Wok Chow,3051
 Wok N Roll,3052
 Wok Paper Scissors,3053
 Wok Steam  Grills,3054
 Wok With Chung,3055
 Wokanaka  The Casual Chinese Pitstop,3056
 WolfIsh,3057
 Woodee Pizza,3058
 Woodstok,3059
 WoodyS,3060
 World In A Bowl,3061
 World Of Waffles,3062
 World On A Swirl,3063
 Wow Momo,3064
 Wow Vada Pav,3065
 Wtf,3066
 Wyt Restropub,3067
 Xian,3068
 Xo Belgian Waffle,3069
 Xoox Brewmill,3070
 Xpress Biryani,3071
 Xtreme Sports Bar,3072
 Xu,3073
 YakS Kitchen,3074
 Yataii  ShangriLa Hotel,3075
 Yauatcha,3076
 Yo Chow,3077
 Yomama,3078
 York St,3079
 You Mee,3080
 Yuan Restaurant,3081
 Yum In My Tum,3082
 Yum Kitchen,3083
 Yummy Biryani,3084
 Yummy Tummy,3085
 Yumyumdilli,3086
 Yumyumsouth,3087
 ZBar,3088
 Zabi,3089
 Zaica Dine  Wine,3090
 Zaika Take Away,3091
 Zaitoon,3092
 Zaks Mediterranean Cuisine,3093
 Zam Zam Darbar,3094
 Zam Zam Kabab House,3095
 Zamindar,3096
 Zamindars Biryani Durbar,3097
 Zangos Grill,3098
 Zawaa Foods,3099
 Zayakedar,3100
 Zee5 Loft,3101
 Zeeshan,3102
 Zen  The Leela Palace,3103
 Zephyr,3104
 Zero Kelvin,3105
 Zero Mile Punjab,3106
 ZhangS  Chinese Restaurant,3107
 Zhangs Classic,3108
 Zingron,3109
 Zodiac,3110
 Zodiac  Fortune Select Jp Cosmos Hotel,3111
 ZoeyS,3112
 Zoroy Luxury Chocolate,3113
 Zyara,3114
